case_label,case_name,surface,profile,ntwr,reference_towers,n_repeats,rms_error_mean,rms_error_std,rel_rms_error_mean,rel_rms_error_std,max_abs_error_mean,max_abs_error_std
g1200,Gap_12_9mps,forested,U,1,1000,100,0.6882627351618428,0.4855892721443287,0.06144223534055703,0.04334927465007368,1.0935548912969004,0.8395065623401895
g1200,Gap_12_9mps,forested,U,10,1000,100,0.27360090877685034,0.146367333524167,0.024424758987575502,0.013066428985795613,0.3681680619506958,0.1487378131410612
g1200,Gap_12_9mps,forested,U,100,1000,100,0.0792730109529952,0.06384236479999826,0.007076819281786563,0.005699302609804667,0.11916544736232497,0.06147258026512937
g1200,Gap_12_9mps,forested,U,1000,1000,1,0.0,0.0,0.0,0.0,0.0,0.0
g1200,Gap_12_9mps,forested,Shear,1,1000,100,0.10447445897791503,0.05768855142166646,0.1817390076516952,0.10035237502836684,0.2668684734722101,0.17080878728453772
g1200,Gap_12_9mps,forested,Shear,10,1000,100,0.03443717733772229,0.01703025865491626,0.05990534430052521,0.029625061840716914,0.09169448862081858,0.044645886448748257
g1200,Gap_12_9mps,forested,Shear,100,1000,100,0.010285473434841937,0.0048667862830115,0.01789214085014974,0.008466039625190736,0.02798092635886208,0.01353442910814936
g1200,Gap_12_9mps,forested,Shear,1000,1000,1,0.0,0.0,0.0,0.0,0.0,0.0
g1200,Gap_12_9mps,forested,PHI,1,1000,100,0.16067153733167353,0.06257097745442948,0.16880487853651446,0.06573837796362318,0.47542408351647053,0.3288777746848125
g1200,Gap_12_9mps,forested,PHI,10,1000,100,0.05689563636173754,0.01462301339533216,0.059775745877596015,0.01536324380180223,0.1957254208629026,0.09231117543798129
g1200,Gap_12_9mps,forested,PHI,100,1000,100,0.01684428395773542,0.0038101320191859397,0.017696957125956134,0.004003004411285841,0.05832762056743258,0.023141628069307897
g1200,Gap_12_9mps,forested,PHI,1000,1000,1,0.0,0.0,0.0,0.0,0.0,0.0
g1200,Gap_12_9mps,forested,Skew,1,1000,100,0.08744392528264538,0.02657218102771649,0.2639083897456188,0.0801956394842388,0.2889054779288902,0.19964691047982336
g1200,Gap_12_9mps,forested,Skew,10,1000,100,0.026554933770531974,0.006113070052128127,0.08014358674465301,0.018449428804169696,0.0884745392075587,0.042599695743910204
g1200,Gap_12_9mps,forested,Skew,100,1000,100,0.008127211665693482,0.0020581981581399024,0.024528168616427058,0.0062117037854418225,0.02736966759675118,0.012636457321614156
g1200,Gap_12_9mps,forested,Skew,1000,1000,1,0.0,0.0,0.0,0.0,0.0,0.0
g1200,Gap_12_9mps,patches,U,1,1000,100,0.7894351827922276,0.5048235041195127,0.07718890799208597,0.049360322241907485,1.3459113057044143,0.7809632078061317
g1200,Gap_12_9mps,patches,U,10,1000,100,0.23352812981840362,0.15605434533379375,0.02283376991428173,0.015258585842513342,0.3997864072623117,0.19968770255513826
g1200,Gap_12_9mps,patches,U,100,1000,100,0.06737254388218909,0.03735866898085108,0.0065875111779554055,0.003652832969098449,0.1277541573443532,0.06271663858931259
g1200,Gap_12_9mps,patches,U,1000,1000,1,0.0,0.0,0.0,0.0,0.0,0.0
g1200,Gap_12_9mps,patches,Shear,1,1000,100,0.08815764687537962,0.04028620601870561,0.18264638012662673,0.08346558647094582,0.2659297653626432,0.16163956924334452
g1200,Gap_12_9mps,patches,Shear,10,1000,100,0.029038524451602973,0.0130729942572769,0.06016246534802919,0.02708483226512531,0.09054200727844139,0.05158522896069334
g1200,Gap_12_9mps,patches,Shear,100,1000,100,0.009368732089761331,0.0044473403659106145,0.019410284453145524,0.009214068748600585,0.027264153651106602,0.01508873016970721
g1200,Gap_12_9mps,patches,Shear,1000,1000,1,0.0,0.0,0.0,0.0,0.0,0.0
g1200,Gap_12_9mps,patches,PHI,1,1000,100,0.17100912313533828,0.057133266572716335,0.17978624822954725,0.060065658824986136,0.5022755099895757,0.2778407463079448
g1200,Gap_12_9mps,patches,PHI,10,1000,100,0.05376368755870741,0.013921386196192053,0.05652313455531754,0.014635908005838836,0.15245316043537313,0.057220692913192754
g1200,Gap_12_9mps,patches,PHI,100,1000,100,0.015813327773521436,0.00610564195763699,0.0166249543901557,0.006419016953427237,0.04490905501762845,0.018654362168941285
g1200,Gap_12_9mps,patches,PHI,1000,1000,1,0.0,0.0,0.0,0.0,0.0,0.0
g1200,Gap_12_9mps,patches,Skew,1,1000,100,0.08203928882312159,0.02105872600046712,0.25980257190052497,0.06668891520580636,0.27150772517119115,0.1731650958362064
g1200,Gap_12_9mps,patches,Skew,10,1000,100,0.02536855412848393,0.005963459446972063,0.08033730792313111,0.0188851235057412,0.08461448492472781,0.04477961487134839
g1200,Gap_12_9mps,patches,Skew,100,1000,100,0.007646915311287346,0.0018172354183030122,0.024216302865097933,0.005754833351149044,0.02844728403530203,0.014788007352338524
g1200,Gap_12_9mps,patches,Skew,1000,1000,1,0.0,0.0,0.0,0.0,0.0,0.0
g800,Gap_8_9mps,forested,U,1,1000,100,0.679537574477036,0.4366631399747873,0.06364932235010991,0.04090033281243618,1.0860144801619471,0.6884779807764458
g800,Gap_8_9mps,forested,U,10,1000,100,0.215331077817667,0.1509268378321598,0.020169123384473648,0.014136658977032831,0.35583622650924274,0.16675282991395243
g800,Gap_8_9mps,forested,U,100,1000,100,0.0652900091359005,0.03944133199644864,0.006115430542498995,0.0036942976348168077,0.09566529230106914,0.042556516976670754
g800,Gap_8_9mps,forested,U,1000,1000,1,0.0,0.0,0.0,0.0,0.0,0.0
g800,Gap_8_9mps,forested,Shear,1,1000,100,0.09471355574716966,0.04389174980552946,0.17715237913309093,0.0820951957829572,0.2264461485365488,0.1041043072181574
g800,Gap_8_9mps,forested,Shear,10,1000,100,0.0298677802158927,0.014562979550223221,0.05586474167218423,0.027238619163188656,0.06890214206339303,0.032000817190684205
g800,Gap_8_9mps,forested,Shear,100,1000,100,0.009928701101794769,0.004600341755761654,0.01857065768473005,0.008604486236732075,0.023210346934707048,0.00973334774408001
g800,Gap_8_9mps,forested,Shear,1000,1000,1,0.0,0.0,0.0,0.0,0.0,0.0
g800,Gap_8_9mps,forested,PHI,1,1000,100,0.18872978055753845,0.062457011035662535,0.18747111628100765,0.06204047683328471,0.6209696573307197,0.42599632245695573
g800,Gap_8_9mps,forested,PHI,10,1000,100,0.05707594665771661,0.01681267400111934,0.05669529949702464,0.0167005480181629,0.16903728546055305,0.05897068657387924
g800,Gap_8_9mps,forested,PHI,100,1000,100,0.018077863909756214,0.005406931338441126,0.017957300205225978,0.005370871786518551,0.05693174469983089,0.019283379832197214
g800,Gap_8_9mps,forested,PHI,1000,1000,1,0.0,0.0,0.0,0.0,0.0,0.0
g800,Gap_8_9mps,forested,Skew,1,1000,100,0.08847001344166702,0.027829541605239448,0.2788690335649164,0.08772234873825202,0.29689980259923515,0.1908942304884519
g800,Gap_8_9mps,forested,Skew,10,1000,100,0.028441255936909274,0.007502349381949542,0.089650552180914,0.02364838480543577,0.1006966295080165,0.0563238853044829
g800,Gap_8_9mps,forested,Skew,100,1000,100,0.008643959992866896,0.0023182276794091474,0.027246890506849374,0.007307356327763279,0.029576752324346107,0.015115508375821301
g800,Gap_8_9mps,forested,Skew,1000,1000,1,0.0,0.0,0.0,0.0,0.0,0.0
g800,Gap_8_9mps,patches,U,1,1000,100,0.554027153780621,0.3350976535181972,0.05848696466424971,0.03537524196540082,1.0569858423448373,0.5341700718411208
g800,Gap_8_9mps,patches,U,10,1000,100,0.18828827576978996,0.11267655486589488,0.019877021652265105,0.011894921824608775,0.31975135306541697,0.15619487262802964
g800,Gap_8_9mps,patches,U,100,1000,100,0.05451160619726667,0.03666904901458839,0.005754624775509607,0.003871040181610118,0.10906552490613565,0.054053018486013765
g800,Gap_8_9mps,patches,U,1000,1000,1,0.0,0.0,0.0,0.0,0.0,0.0
g800,Gap_8_9mps,patches,Shear,1,1000,100,0.07542185000519307,0.0299711766343252,0.17912041618475183,0.07117897044314614,0.23260416088134517,0.11422351415002815
g800,Gap_8_9mps,patches,Shear,10,1000,100,0.023969776790802016,0.010735562733280603,0.05692616124277569,0.025496039471722465,0.06870202597788454,0.03747493794392644
g800,Gap_8_9mps,patches,Shear,100,1000,100,0.007200208405870621,0.0032669077346685125,0.0170998765767174,0.007758625292680007,0.020566324113730758,0.01148174387592679
g800,Gap_8_9mps,patches,Shear,1000,1000,1,0.0,0.0,0.0,0.0,0.0,0.0
g800,Gap_8_9mps,patches,PHI,1,1000,100,0.16360968197853343,0.038241680378984684,0.1686925470027158,0.03942973537251378,0.46276649321752183,0.15643049856308977
g800,Gap_8_9mps,patches,PHI,10,1000,100,0.05241529626619396,0.016612848441550684,0.05404368324734186,0.017128960112171007,0.1535747160964042,0.06731934473791769
g800,Gap_8_9mps,patches,PHI,100,1000,100,0.015643149182976268,0.003980220674117378,0.01612913518874731,0.0041038742636137085,0.04590207005419297,0.014754105806329718
g800,Gap_8_9mps,patches,PHI,1000,1000,1,0.0,0.0,0.0,0.0,0.0,0.0
g800,Gap_8_9mps,patches,Skew,1,1000,100,0.08872846833085588,0.024806012925498517,0.29144536499749024,0.08148002131904535,0.2607428295512555,0.13795581717300556
g800,Gap_8_9mps,patches,Skew,10,1000,100,0.028081264756070704,0.006483583503762871,0.09223820280438781,0.021296551110290645,0.09015826867796832,0.05057088327264862
g800,Gap_8_9mps,patches,Skew,100,1000,100,0.00857070312922132,0.0020253264496471967,0.028152088599870298,0.00665256616574804,0.026605450895125272,0.011353749578986968
g800,Gap_8_9mps,patches,Skew,1000,1000,1,0.0,0.0,0.0,0.0,0.0,0.0
g400,Gap_4_9mps,forested,U,1,1000,100,0.545908232300797,0.34743914655212604,0.05353870819801875,0.03407430403719118,0.8770990648489599,0.5182580798587495
g400,Gap_4_9mps,forested,U,10,1000,100,0.16732183164258807,0.12718382033319664,0.01640970805975051,0.012473263895709744,0.2605241515241537,0.13411122980524884
g400,Gap_4_9mps,forested,U,100,1000,100,0.0471192392931757,0.031437763086204544,0.00462111221953498,0.0030831871085309753,0.07949932073151186,0.03595200517113637
g400,Gap_4_9mps,forested,U,1000,1000,1,0.0,0.0,0.0,0.0,0.0,0.0
g400,Gap_4_9mps,forested,Shear,1,1000,100,0.07870355225832153,0.03244932558628956,0.15579808990306734,0.06423525749375701,0.1896224086509825,0.08988240745596905
g400,Gap_4_9mps,forested,Shear,10,1000,100,0.024021776265960918,0.010443398792060396,0.04755245158479921,0.020673292846537017,0.058830250159852646,0.02835597845680888
g400,Gap_4_9mps,forested,Shear,100,1000,100,0.008443924264551088,0.00397959156018305,0.01671522102821129,0.007877824391405807,0.019963471232080997,0.008001228172258368
g400,Gap_4_9mps,forested,Shear,1000,1000,1,0.0,0.0,0.0,0.0,0.0,0.0
g400,Gap_4_9mps,forested,PHI,1,1000,100,0.16547334511921286,0.04055569351204991,0.1715250955631791,0.042038910860681435,0.4785557466401654,0.1904711782003929
g400,Gap_4_9mps,forested,PHI,10,1000,100,0.05633950586597043,0.018175172307512522,0.05839997445317155,0.018839881218799173,0.1656672702589086,0.06409506733792228
g400,Gap_4_9mps,forested,PHI,100,1000,100,0.0165586714725448,0.005483522626678451,0.01716426113632582,0.005684067980170839,0.04858703594734117,0.015088087844547092
g400,Gap_4_9mps,forested,PHI,1000,1000,1,0.0,0.0,0.0,0.0,0.0,0.0
g400,Gap_4_9mps,forested,Skew,1,1000,100,0.1038254152413757,0.02937090138977589,0.3222641548082557,0.09116446768190489,0.37937881726422107,0.17018985233095862
g400,Gap_4_9mps,forested,Skew,10,1000,100,0.0316492585004159,0.008927695502630091,0.09823627015825252,0.02771071263092818,0.1164360882583437,0.06222137580191288
g400,Gap_4_9mps,forested,Skew,100,1000,100,0.009419610242201977,0.002508264490558808,0.029237568915753145,0.007785412985888715,0.0372699467032128,0.021037385681908896
g400,Gap_4_9mps,forested,Skew,1000,1000,1,0.0,0.0,0.0,0.0,0.0,0.0
g400,Gap_4_9mps,patches,U,1,1000,100,0.529878824658029,0.3300412811986237,0.05831022177081135,0.036319209986612644,0.9066112004542438,0.36308766273218174
g400,Gap_4_9mps,patches,U,10,1000,100,0.16733747770436141,0.10429120322982544,0.0184145600492844,0.011476667694732974,0.2807670007038691,0.12459259622470997
g400,Gap_4_9mps,patches,U,100,1000,100,0.04990249921516351,0.029594581182491163,0.005491492886193097,0.003256719294414235,0.08751630084954494,0.037924527107725946
g400,Gap_4_9mps,patches,U,1000,1000,1,0.0,0.0,0.0,0.0,0.0,0.0
g400,Gap_4_9mps,patches,Shear,1,1000,100,0.07240156419395644,0.03306261805145895,0.1752411085605631,0.08002492630864715,0.18891890461003283,0.08384835201908743
g400,Gap_4_9mps,patches,Shear,10,1000,100,0.022197622032179058,0.009918901485328733,0.05372723553191053,0.024007758828739716,0.05474360416044696,0.021118677827760796
g400,Gap_4_9mps,patches,Shear,100,1000,100,0.006986898465776286,0.003101852968313449,0.016911124036805506,0.007507740458520309,0.017394840664592393,0.006620826827236366
g400,Gap_4_9mps,patches,Shear,1000,1000,1,0.0,0.0,0.0,0.0,0.0,0.0
g400,Gap_4_9mps,patches,PHI,1,1000,100,0.16917853116709908,0.048417331708166055,0.17460769685244099,0.04997110873928449,0.48239626726745044,0.17095287809554904
g400,Gap_4_9mps,patches,PHI,10,1000,100,0.050259982233833586,0.014913224337508376,0.05187289238861149,0.015391809683252015,0.13826085761064622,0.04306248161129196
g400,Gap_4_9mps,patches,PHI,100,1000,100,0.01527226965068117,0.00411339724035786,0.01576237724147749,0.0042454016678314214,0.04509940058806306,0.017224959983951085
g400,Gap_4_9mps,patches,PHI,1000,1000,1,0.0,0.0,0.0,0.0,0.0,0.0
g400,Gap_4_9mps,patches,Skew,1,1000,100,0.09186688159409277,0.0291162568986749,0.293138486436253,0.09290720801516242,0.2911823362117731,0.24489702337245955
g400,Gap_4_9mps,patches,Skew,10,1000,100,0.03170581727367901,0.009679099837891746,0.10117024901200423,0.030885087501733754,0.12082016567549553,0.07069744943697216
g400,Gap_4_9mps,patches,Skew,100,1000,100,0.009833159133763836,0.00247928710917727,0.03137667607021177,0.007911169488002643,0.04021802357319323,0.022993399316286953
g400,Gap_4_9mps,patches,Skew,1000,1000,1,0.0,0.0,0.0,0.0,0.0,0.0
i1200,Patch_12_9mps,forested,U,1,1000,100,2.824454918835286,1.7037653006729903,0.18831795470777776,0.11359699692326036,3.726841884762693,1.7768428978179653
i1200,Patch_12_9mps,forested,U,10,1000,100,0.8700567613429044,0.6570438253947799,0.05801024073109802,0.043807797577715545,1.1598753622221023,0.6923489284315911
i1200,Patch_12_9mps,forested,U,100,1000,100,0.2692812133370661,0.17897433640094498,0.017954079209653816,0.011932950585065884,0.3521383887258608,0.18032248820386226
i1200,Patch_12_9mps,forested,U,1000,1000,1,0.0,0.0,0.0,0.0,0.0,0.0
i1200,Patch_12_9mps,forested,Shear,1,1000,100,0.2823129372643062,0.1889841775079542,0.3936454519950512,0.2635116998034839,0.9371520590107286,0.6213925811122523
i1200,Patch_12_9mps,forested,Shear,10,1000,100,0.10193212396313835,0.058329009959750294,0.14212992645363387,0.08133155254069462,0.35443719731838846,0.19154070463077233
i1200,Patch_12_9mps,forested,Shear,100,1000,100,0.03073142301486508,0.016396521935941634,0.04285062179708752,0.02286263021158602,0.10467713399725316,0.05225872920880644
i1200,Patch_12_9mps,forested,Shear,1000,1000,1,0.0,0.0,0.0,0.0,0.0,0.0
i1200,Patch_12_9mps,forested,PHI,1,1000,100,0.3562654437697313,0.1477038283902025,0.31771971131586413,0.1317231815127004,1.3553728070966924,0.9531271828686799
i1200,Patch_12_9mps,forested,PHI,10,1000,100,0.1198182800675462,0.03778165614466348,0.10685467821580089,0.03369391304500579,0.4625639993493803,0.21023019953985614
i1200,Patch_12_9mps,forested,PHI,100,1000,100,0.040586968700257194,0.013124248733822062,0.036195708015303515,0.011704285643944384,0.16677608549766101,0.07123353546424394
i1200,Patch_12_9mps,forested,PHI,1000,1000,1,0.0,0.0,0.0,0.0,0.0,0.0
i1200,Patch_12_9mps,forested,Skew,1,1000,100,0.10955073741178674,0.031653923445562046,0.35277715804627724,0.10193250559478524,0.3458668152652767,0.15564793337630858
i1200,Patch_12_9mps,forested,Skew,10,1000,100,0.03809948902346919,0.009021208803804508,0.12268862609471304,0.029050250862170845,0.11948489020311731,0.04301254884794102
i1200,Patch_12_9mps,forested,Skew,100,1000,100,0.011257103897495228,0.003025045781675725,0.03625031847903165,0.009741304157616953,0.03558504571187732,0.01516986062715055
i1200,Patch_12_9mps,forested,Skew,1000,1000,1,0.0,0.0,0.0,0.0,0.0,0.0
i1200,Patch_12_9mps,patches,U,1,1000,100,2.2592649480496303,1.2322962824466692,0.1693435819645522,0.09236697390948782,2.874459491379885,1.364555136016998
i1200,Patch_12_9mps,patches,U,10,1000,100,0.7734798108431419,0.45920315942198364,0.05797630855934681,0.03441964960023351,1.0636385812070959,0.5281543024025852
i1200,Patch_12_9mps,patches,U,100,1000,100,0.21680632447758263,0.1382569110302236,0.01625075430453511,0.010363069884930626,0.290373871810899,0.15174243160467432
i1200,Patch_12_9mps,patches,U,1000,1000,1,0.0,0.0,0.0,0.0,0.0,0.0
i1200,Patch_12_9mps,patches,Shear,1,1000,100,0.1801073456543861,0.10148443322580657,0.3622813228300669,0.2041333438240555,0.42236101875543725,0.3546255489453049
i1200,Patch_12_9mps,patches,Shear,10,1000,100,0.0583067831616462,0.028831419311821725,0.11728260419928432,0.057993663109102325,0.14751855592671334,0.0846119351374511
i1200,Patch_12_9mps,patches,Shear,100,1000,100,0.019042995125975164,0.009758036240432845,0.03830449801932768,0.019628040514191283,0.048411349995366545,0.029847402795405265
i1200,Patch_12_9mps,patches,Shear,1000,1000,1,0.0,0.0,0.0,0.0,0.0,0.0
i1200,Patch_12_9mps,patches,PHI,1,1000,100,0.2683137117100335,0.12638213772901974,0.26947495673720345,0.1269291117469542,0.7022494345501099,0.5333393867025488
i1200,Patch_12_9mps,patches,PHI,10,1000,100,0.07696902146464485,0.028006607531954608,0.07730213859403907,0.02812781838441947,0.20270687219825867,0.1000664484296837
i1200,Patch_12_9mps,patches,PHI,100,1000,100,0.026874764820541373,0.01130433840503943,0.026991077128269952,0.011353262877347,0.06665690019232935,0.031379944790525374
i1200,Patch_12_9mps,patches,PHI,1000,1000,1,0.0,0.0,0.0,0.0,0.0,0.0
i1200,Patch_12_9mps,patches,Skew,1,1000,100,0.10920780044472711,0.028477515499678863,0.36013574296886824,0.09391061041994905,0.27472666928553424,0.09541575743390171
i1200,Patch_12_9mps,patches,Skew,10,1000,100,0.03289414093960357,0.010075833065718142,0.10847536383266451,0.03322718351963561,0.080605666265683,0.02512691273823905
i1200,Patch_12_9mps,patches,Skew,100,1000,100,0.009470074275473707,0.0028236747963127926,0.03122956621486244,0.009311662871437993,0.024772882849191883,0.008207687080122029
i1200,Patch_12_9mps,patches,Skew,1000,1000,1,0.0,0.0,0.0,0.0,0.0,0.0
i800,Patch_8_9mps,forested,U,1,1000,100,2.2093431225068083,1.558514756277196,0.1586089297735665,0.11188590627288365,2.938548945943769,1.7138742831049172
i800,Patch_8_9mps,forested,U,10,1000,100,0.6857794550774154,0.46076773344665045,0.04923216512748498,0.03307855458560171,0.9245660563034839,0.460586417057412
i800,Patch_8_9mps,forested,U,100,1000,100,0.2221118169401906,0.17394013557198618,0.015945426138685884,0.012487177055793323,0.3044946568684853,0.1756886166215988
i800,Patch_8_9mps,forested,U,1000,1000,1,0.0,0.0,0.0,0.0,0.0,0.0
i800,Patch_8_9mps,forested,Shear,1,1000,100,0.24025751992996378,0.16304612037648247,0.3768190312945011,0.2557209495648772,0.8359604431188038,0.6241043530170823
i800,Patch_8_9mps,forested,Shear,10,1000,100,0.08076242107687932,0.04213029326257794,0.12666749113226328,0.06607700062826607,0.2806282052287595,0.15735583730353103
i800,Patch_8_9mps,forested,Shear,100,1000,100,0.022602801694341795,0.010948243794077071,0.035450152992032774,0.017171186242423378,0.08191151743401574,0.03722033839361626
i800,Patch_8_9mps,forested,Shear,1000,1000,1,0.0,0.0,0.0,0.0,0.0,0.0
i800,Patch_8_9mps,forested,PHI,1,1000,100,0.3218145064170945,0.1371948721000379,0.2928185013677725,0.12483339328280305,1.1906448950786328,0.6859602923823584
i800,Patch_8_9mps,forested,PHI,10,1000,100,0.11531845557647495,0.04499932492250057,0.10492807710223138,0.040944813312082995,0.46700510262714867,0.21457165158524077
i800,Patch_8_9mps,forested,PHI,100,1000,100,0.0334777669585482,0.011975097525744317,0.030461366266803225,0.010896121962496803,0.14514256630870137,0.06087382869843199
i800,Patch_8_9mps,forested,PHI,1000,1000,1,0.0,0.0,0.0,0.0,0.0,0.0
i800,Patch_8_9mps,forested,Skew,1,1000,100,0.10389998411089894,0.02603145808136736,0.3325666112368834,0.08332237847538995,0.3660813436171322,0.14470438900186883
i800,Patch_8_9mps,forested,Skew,10,1000,100,0.03461943133762282,0.007848019302307666,0.11081105604994468,0.025120207732700954,0.11912742573975571,0.0496857059072103
i800,Patch_8_9mps,forested,Skew,100,1000,100,0.010458626083288436,0.002404280939912963,0.03347632691647404,0.007695704397748871,0.03638332170407861,0.015738065614526616
i800,Patch_8_9mps,forested,Skew,1000,1000,1,0.0,0.0,0.0,0.0,0.0,0.0
i800,Patch_8_9mps,patches,U,1,1000,100,1.908115753360692,1.192697794624564,0.1489488784936739,0.09310284167945107,2.7574914135575104,1.4915938222410667
i800,Patch_8_9mps,patches,U,10,1000,100,0.6244412442676258,0.4519692844248695,0.048744329506762094,0.03528104514105284,0.8922135528411951,0.5073042220123867
i800,Patch_8_9mps,patches,U,100,1000,100,0.20958057271034936,0.12454807406739553,0.016360009189320655,0.009722311614592511,0.2955899578546121,0.14415839038881428
i800,Patch_8_9mps,patches,U,1000,1000,1,0.0,0.0,0.0,0.0,0.0,0.0
i800,Patch_8_9mps,patches,Shear,1,1000,100,0.16109242350968164,0.0709162419143255,0.3300026384802278,0.1452740385485792,0.36378450106050286,0.21796181010077903
i800,Patch_8_9mps,patches,Shear,10,1000,100,0.04891189432974764,0.02116417532504064,0.10019747564920543,0.04335544494494363,0.1255436453899774,0.06155742256359764
i800,Patch_8_9mps,patches,Shear,100,1000,100,0.015904246501364322,0.007365828717565976,0.03258032373058641,0.015089120012178088,0.041002329899889084,0.020633931522973416
i800,Patch_8_9mps,patches,Shear,1000,1000,1,0.0,0.0,0.0,0.0,0.0,0.0
i800,Patch_8_9mps,patches,PHI,1,1000,100,0.24117636300752007,0.08354300342327395,0.24056924621365536,0.0833326993961476,0.6622619765661019,0.35975785953041234
i800,Patch_8_9mps,patches,PHI,10,1000,100,0.07420629649983096,0.028488915262989887,0.0740194959019044,0.0284171996989957,0.19720228799602485,0.0902816841673963
i800,Patch_8_9mps,patches,PHI,100,1000,100,0.02343804708627038,0.006931724211708078,0.023379046146775228,0.006914274880741777,0.06516814951919744,0.025145965777365584
i800,Patch_8_9mps,patches,PHI,1000,1000,1,0.0,0.0,0.0,0.0,0.0,0.0
i800,Patch_8_9mps,patches,Skew,1,1000,100,0.09249629919912408,0.023730425816818394,0.3009237516828168,0.07720361601121649,0.2678361590484063,0.11719936569213839
i800,Patch_8_9mps,patches,Skew,10,1000,100,0.03043500757664932,0.008158569402966727,0.09901603352523106,0.026542762622535677,0.08412644479598202,0.03121689392748472
i800,Patch_8_9mps,patches,Skew,100,1000,100,0.009078074620137407,0.002084598150103057,0.029534244033562168,0.006781948051020103,0.024557333977421533,0.006028354735657872
i800,Patch_8_9mps,patches,Skew,1000,1000,1,0.0,0.0,0.0,0.0,0.0,0.0
i400,Patch_4_9mps,forested,U,1,1000,100,1.0629058451253062,0.7257016453412,0.08557137087579657,0.05842406919057512,1.9266621833805018,0.7083672604767614
i400,Patch_4_9mps,forested,U,10,1000,100,0.31773608729079444,0.21942497587251755,0.025579982169521065,0.017665248597429954,0.5595463342569762,0.2558541002223794
i400,Patch_4_9mps,forested,U,100,1000,100,0.108749542927583,0.06861736552046259,0.008755100475839885,0.005524178891667857,0.1739951953833619,0.07175578051043716
i400,Patch_4_9mps,forested,U,1000,1000,1,0.0,0.0,0.0,0.0,0.0,0.0
i400,Patch_4_9mps,forested,Shear,1,1000,100,0.1492947935954034,0.06015729968863368,0.2522467666583321,0.1016410818616875,0.5295885665137411,0.2191046891752118
i400,Patch_4_9mps,forested,Shear,10,1000,100,0.050814867034498175,0.02400433812613536,0.08585621506910927,0.04055745369460356,0.1721321449670993,0.08497081178740702
i400,Patch_4_9mps,forested,Shear,100,1000,100,0.015752716181036,0.006137042785457482,0.026615608133806087,0.010369076926224146,0.054258225123323775,0.023364979219148735
i400,Patch_4_9mps,forested,Shear,1000,1000,1,0.0,0.0,0.0,0.0,0.0,0.0
i400,Patch_4_9mps,forested,PHI,1,1000,100,0.26942698703181195,0.07355672793778989,0.2500188154089908,0.06825806941973568,1.199885601082358,0.5625605717082306
i400,Patch_4_9mps,forested,PHI,10,1000,100,0.08117952473813085,0.02100906575485662,0.07533175809183466,0.019495677811438582,0.33032163374204876,0.15226256658513246
i400,Patch_4_9mps,forested,PHI,100,1000,100,0.023748454793844433,0.0074394914228065314,0.022037734975115505,0.006903587696490923,0.09910051698762215,0.045710631850523264
i400,Patch_4_9mps,forested,PHI,1000,1000,1,0.0,0.0,0.0,0.0,0.0,0.0
i400,Patch_4_9mps,forested,Skew,1,1000,100,0.10593138049590443,0.022725237166190872,0.3320915206369881,0.0712428982991334,0.40285401844239793,0.14101889907490858
i400,Patch_4_9mps,forested,Skew,10,1000,100,0.03372237140948165,0.008121230627871347,0.10571856562648146,0.02545980063724129,0.12907860762345688,0.04713970184181508
i400,Patch_4_9mps,forested,Skew,100,1000,100,0.009930753377376665,0.002287609251309444,0.031132597108856023,0.007171582503071096,0.037471673522272556,0.014037623900985953
i400,Patch_4_9mps,forested,Skew,1000,1000,1,0.0,0.0,0.0,0.0,0.0,0.0
i400,Patch_4_9mps,patches,U,1,1000,100,0.9543094512374569,0.5764638183585933,0.08517028344173039,0.05144828728232602,1.8084471226190428,1.0004970645979314
i400,Patch_4_9mps,patches,U,10,1000,100,0.3215049554128754,0.19599608998649526,0.028693699035389694,0.01749227414228661,0.6093986774924948,0.3102008890575968
i400,Patch_4_9mps,patches,U,100,1000,100,0.10303481408543234,0.06109638144084194,0.009195659027208664,0.005452734558830011,0.1825565644212896,0.09941507251745305
i400,Patch_4_9mps,patches,U,1000,1000,1,0.0,0.0,0.0,0.0,0.0,0.0
i400,Patch_4_9mps,patches,Shear,1,1000,100,0.1201296002311242,0.05355640119018337,0.24775963067691747,0.1104566580903911,0.3602771129530391,0.20578546469307574
i400,Patch_4_9mps,patches,Shear,10,1000,100,0.03960208135274967,0.016529374797652815,0.08167676435380639,0.0340907801849636,0.11680489966489618,0.05616424549804805
i400,Patch_4_9mps,patches,Shear,100,1000,100,0.011920823276691292,0.004320802812719081,0.02458593691076496,0.008911379935065378,0.03582184369240541,0.01596381373472631
i400,Patch_4_9mps,patches,Shear,1000,1000,1,0.0,0.0,0.0,0.0,0.0,0.0
i400,Patch_4_9mps,patches,PHI,1,1000,100,0.22930981918872576,0.0914798369017253,0.2275676487071404,0.0907848231771745,0.7297803569537343,0.4372348923363161
i400,Patch_4_9mps,patches,PHI,10,1000,100,0.06634450420524776,0.020682294334068024,0.06584045497939811,0.020525161583243176,0.20652398010611525,0.08546521244199234
i400,Patch_4_9mps,patches,PHI,100,1000,100,0.02114498520331695,0.007771085978562711,0.020984337180545373,0.007712045521204139,0.067888906609725,0.03401651229444663
i400,Patch_4_9mps,patches,PHI,1000,1000,1,0.0,0.0,0.0,0.0,0.0,0.0
i400,Patch_4_9mps,patches,Skew,1,1000,100,0.08719574115935572,0.02123411690059606,0.2760257928808681,0.06721846589847116,0.23415545145445546,0.07942781056826681
i400,Patch_4_9mps,patches,Skew,10,1000,100,0.028777101908070275,0.006064889591957831,0.09109644881017642,0.019198941784273893,0.07894697688259354,0.02730644406049563
i400,Patch_4_9mps,patches,Skew,100,1000,100,0.008646545595414388,0.0022883315248958635,0.027371401079016526,0.007243914841887834,0.02528301007121233,0.009988141637553299
i400,Patch_4_9mps,patches,Skew,1000,1000,1,0.0,0.0,0.0,0.0,0.0,0.0
