bootstrap,n_points,slope,intercept,crossover,crossover_median,crossover_q25,crossover_q75
1,9239974,-758.1725678,284.8865485,0.3757542288,0.3757767755,0.3757340244,0.3758219809
2,9239879,-756.269444,284.1976332,0.3757888613,0.3757767755,0.3757340244,0.3758219809
3,9238879,-755.2744089,283.7731027,0.375721856,0.3757767755,0.3757340244,0.3758219809
4,9242004,-753.9808148,283.4452183,0.3759316056,0.3757767755,0.3757340244,0.3758219809
5,9237649,-752.2265253,282.7451184,0.3758776232,0.3757767755,0.3757340244,0.3758219809
6,9239715,-758.8359678,285.2346315,0.3758844383,0.3757767755,0.3757340244,0.3758219809
7,9236656,-757.3905899,284.6492319,0.3758288467,0.3757767755,0.3757340244,0.3758219809
8,9238972,-754.6180159,283.5572268,0.3757625988,0.3757767755,0.3757340244,0.3758219809
9,9238525,-755.2062758,283.7542865,0.3757308375,0.3757767755,0.3757340244,0.3758219809
10,9241090,-758.1075711,284.7864596,0.3756544196,0.3757767755,0.3757340244,0.3758219809
11,9236908,-754.6807741,283.5944649,0.3757806939,0.3757767755,0.3757340244,0.3758219809
12,9238183,-757.0214374,284.4570848,0.3757582952,0.3757767755,0.3757340244,0.3758219809
13,9241196,-754.5312567,283.518652,0.3757546814,0.3757767755,0.3757340244,0.3758219809
14,9238667,-757.0681878,284.4187314,0.3756844311,0.3757767755,0.3757340244,0.3758219809
15,9236411,-754.3740222,283.5202132,0.3758350697,0.3757767755,0.3757340244,0.3758219809
16,9238457,-755.8657277,284.000852,0.3757292355,0.3757767755,0.3757340244,0.3758219809
17,9239562,-756.2314757,284.2116165,0.3758262194,0.3757767755,0.3757340244,0.3758219809
18,9240911,-757.1225073,284.4389184,0.3756841405,0.3757767755,0.3757340244,0.3758219809
19,9237214,-753.3535708,283.1443365,0.3758452173,0.3757767755,0.3757340244,0.3758219809
20,9239051,-755.2449436,283.9089343,0.3759163655,0.3757767755,0.3757340244,0.3758219809
21,9235545,-756.6274094,284.2292102,0.375652807,0.3757767755,0.3757340244,0.3758219809
22,9241029,-756.0790549,284.1178022,0.3757779036,0.3757767755,0.3757340244,0.3758219809
23,9238374,-757.4533203,284.6334248,0.3757768527,0.3757767755,0.3757340244,0.3758219809
24,9238075,-755.8754752,284.0211072,0.3757511872,0.3757767755,0.3757340244,0.3758219809
25,9238427,-752.8309895,282.9876911,0.3758980369,0.3757767755,0.3757340244,0.3758219809
26,9241737,-757.0333589,284.4364408,0.3757251084,0.3757767755,0.3757340244,0.3758219809
27,9239323,-755.4011349,283.8934806,0.3758181813,0.3757767755,0.3757340244,0.3758219809
28,9238748,-754.2126215,283.5188698,0.3759137168,0.3757767755,0.3757340244,0.3758219809
29,9240757,-755.2574911,283.7979105,0.3757631191,0.3757767755,0.3757340244,0.3758219809
30,9240081,-758.2952,284.9707962,0.3758045629,0.3757767755,0.3757340244,0.3758219809
31,9237169,-753.5237334,283.1754222,0.3758015967,0.3757767755,0.3757340244,0.3758219809
32,9240720,-753.3344441,283.1107376,0.3758101595,0.3757767755,0.3757340244,0.3758219809
33,9238840,-759.0314378,285.2089957,0.3757538641,0.3757767755,0.3757340244,0.3758219809
34,9238874,-756.2942646,284.2440789,0.3758379407,0.3757767755,0.3757340244,0.3758219809
35,9238307,-755.9865306,284.0920329,0.3757898076,0.3757767755,0.3757340244,0.3758219809
36,9242206,-757.397425,284.6143363,0.375779382,0.3757767755,0.3757340244,0.3758219809
37,9238514,-756.9587165,284.4064702,0.3757225645,0.3757767755,0.3757340244,0.3758219809
38,9238465,-757.2322575,284.541726,0.3757654579,0.3757767755,0.3757340244,0.3758219809
39,9236736,-751.0854899,282.2679973,0.3758134075,0.3757767755,0.3757340244,0.3758219809
40,9239797,-755.627895,283.9814317,0.3758217948,0.3757767755,0.3757340244,0.3758219809
41,9239876,-756.5492024,284.2458728,0.375713664,0.3757767755,0.3757340244,0.3758219809
42,9239584,-757.2864423,284.5120491,0.3756993829,0.3757767755,0.3757340244,0.3758219809
43,9238690,-755.5389152,283.8808622,0.3757329457,0.3757767755,0.3757340244,0.3758219809
44,9240412,-756.7998389,284.3131098,0.3756780791,0.3757767755,0.3757340244,0.3758219809
45,9241571,-757.0497213,284.5174425,0.3758239841,0.3757767755,0.3757340244,0.3758219809
46,9239192,-754.5945085,283.5770276,0.3758005451,0.3757767755,0.3757340244,0.3758219809
47,9237125,-756.0729034,284.0978156,0.3757545262,0.3757767755,0.3757340244,0.3758219809
48,9240140,-757.3769356,284.5650968,0.3757245349,0.3757767755,0.3757340244,0.3758219809
49,9239862,-754.6561014,283.5976407,0.3757971878,0.3757767755,0.3757340244,0.3758219809
50,9237131,-754.4781731,283.4878475,0.3757402899,0.3757767755,0.3757340244,0.3758219809
51,9239553,-756.9369671,284.4315636,0.3757665116,0.3757767755,0.3757340244,0.3758219809
52,9239350,-754.8309437,283.5724662,0.3756767903,0.3757767755,0.3757340244,0.3758219809
53,9239642,-757.5087707,284.5439955,0.3756312883,0.3757767755,0.3757340244,0.3758219809
54,9237707,-755.6726364,283.9712284,0.3757860411,0.3757767755,0.3757340244,0.3758219809
55,9238195,-757.0731249,284.5422362,0.3758451156,0.3757767755,0.3757340244,0.3758219809
56,9236931,-756.1195091,284.1315741,0.3757760125,0.3757767755,0.3757340244,0.3758219809
57,9236448,-754.7834264,283.6106343,0.3757510093,0.3757767755,0.3757340244,0.3758219809
58,9238437,-755.9814655,284.1161832,0.375824271,0.3757767755,0.3757340244,0.3758219809
59,9238662,-754.0177562,283.4106524,0.3758673454,0.3757767755,0.3757340244,0.3758219809
60,9238286,-752.9713084,282.9560837,0.3757860101,0.3757767755,0.3757340244,0.3758219809
61,9237462,-754.9427176,283.7112723,0.3758050323,0.3757767755,0.3757340244,0.3758219809
62,9237218,-753.6211477,283.2340954,0.3758308751,0.3757767755,0.3757340244,0.3758219809
63,9239851,-753.5908136,283.2044775,0.3758067009,0.3757767755,0.3757340244,0.3758219809
64,9237799,-755.540477,283.8561712,0.3756994891,0.3757767755,0.3757340244,0.3758219809
65,9239455,-755.8509788,284.017753,0.3757589273,0.3757767755,0.3757340244,0.3758219809
66,9238016,-755.2593445,283.835056,0.3758113793,0.3757767755,0.3757340244,0.3758219809
67,9238996,-756.6394293,284.3073187,0.3757500702,0.3757767755,0.3757340244,0.3758219809
68,9240219,-756.4060457,284.2013913,0.3757259648,0.3757767755,0.3757340244,0.3758219809
69,9240192,-754.731642,283.6558624,0.3758367168,0.3757767755,0.3757340244,0.3758219809
70,9238382,-757.8352976,284.7619616,0.3757570577,0.3757767755,0.3757340244,0.3758219809
71,9239092,-752.8685222,282.9973062,0.3758920686,0.3757767755,0.3757340244,0.3758219809
72,9238567,-757.76004,284.735907,0.3757599926,0.3757767755,0.3757340244,0.3758219809
73,9239815,-753.7626371,283.2982704,0.375845467,0.3757767755,0.3757340244,0.3758219809
74,9238567,-756.7940706,284.3569039,0.3757388105,0.3757767755,0.3757340244,0.3758219809
75,9238512,-758.4644939,285.0123174,0.3757754248,0.3757767755,0.3757340244,0.3758219809
76,9240025,-755.7805592,283.9626576,0.3757210399,0.3757767755,0.3757340244,0.3758219809
77,9240618,-756.4285387,284.2609298,0.3757935023,0.3757767755,0.3757340244,0.3758219809
78,9237202,-754.5787369,283.5999219,0.3758387403,0.3757767755,0.3757340244,0.3758219809
79,9236655,-756.2907238,284.1248157,0.3756820053,0.3757767755,0.3757340244,0.3758219809
80,9237544,-757.8876681,284.7581926,0.3757261195,0.3757767755,0.3757340244,0.3758219809
81,9240725,-757.3086148,284.6245453,0.3758369305,0.3757767755,0.3757340244,0.3758219809
82,9239001,-756.6914093,284.3179004,0.3757382427,0.3757767755,0.3757340244,0.3758219809
83,9235816,-755.3402625,283.7967607,0.3757204201,0.3757767755,0.3757340244,0.3758219809
84,9236541,-757.3530753,284.5678377,0.375739991,0.3757767755,0.3757340244,0.3758219809
85,9238828,-754.2556444,283.4076048,0.3757447583,0.3757767755,0.3757340244,0.3758219809
86,9240297,-755.1415286,283.7767255,0.3757927683,0.3757767755,0.3757340244,0.3758219809
87,9238202,-754.79911,283.7018145,0.3758640024,0.3757767755,0.3757340244,0.3758219809
88,9237422,-757.0521691,284.3553781,0.375608696,0.3757767755,0.3757340244,0.3758219809
89,9237294,-756.3441408,284.1992375,0.3757538694,0.3757767755,0.3757340244,0.3758219809
90,9239339,-755.1595962,283.8022568,0.3758175863,0.3757767755,0.3757340244,0.3758219809
91,9238766,-757.0016085,284.4347119,0.3757385832,0.3757767755,0.3757340244,0.3758219809
92,9242293,-755.7178227,284.026389,0.375836563,0.3757767755,0.3757340244,0.3758219809
93,9237088,-756.355947,284.2583455,0.3758261526,0.3757767755,0.3757340244,0.3758219809
94,9238396,-754.7431355,283.6322862,0.375799756,0.3757767755,0.3757340244,0.3758219809
95,9236898,-755.1131567,283.7898967,0.3758243306,0.3757767755,0.3757340244,0.3758219809
96,9238039,-756.6139556,284.345493,0.3758131752,0.3757767755,0.3757340244,0.3758219809
97,9239630,-759.0355294,285.1299228,0.375647663,0.3757767755,0.3757340244,0.3758219809
98,9236640,-754.6293453,283.5811696,0.3757886853,0.3757767755,0.3757340244,0.3758219809
99,9239806,-755.1062841,283.7559633,0.3757828126,0.3757767755,0.3757340244,0.3758219809
100,9237752,-753.6136625,283.2741415,0.3758877467,0.3757767755,0.3757340244,0.3758219809
101,9240161,-754.3198476,283.4876171,0.3758188493,0.3757767755,0.3757340244,0.3758219809
102,9238004,-753.1215107,283.0749348,0.3758688748,0.3757767755,0.3757340244,0.3758219809
103,9238130,-755.9992951,284.1452934,0.3758539131,0.3757767755,0.3757340244,0.3758219809
104,9239737,-755.8623821,284.0446773,0.3757888791,0.3757767755,0.3757340244,0.3758219809
105,9237490,-757.6627069,284.651881,0.3756973629,0.3757767755,0.3757340244,0.3758219809
106,9239518,-756.8550852,284.4006956,0.3757663801,0.3757767755,0.3757340244,0.3758219809
107,9241321,-755.7911775,284.010927,0.3757796273,0.3757767755,0.3757340244,0.3758219809
108,9238423,-754.9369346,283.6934938,0.3757843613,0.3757767755,0.3757340244,0.3758219809
109,9238015,-754.6543035,283.6250911,0.3758344579,0.3757767755,0.3757340244,0.3758219809
110,9241099,-758.2211103,284.8500098,0.3756819824,0.3757767755,0.3757340244,0.3758219809
111,9238774,-755.1523181,283.8252553,0.3758516639,0.3757767755,0.3757340244,0.3758219809
112,9239979,-754.8925857,283.6884481,0.3757997542,0.3757767755,0.3757340244,0.3758219809
113,9239284,-755.3133546,283.7836862,0.375716495,0.3757767755,0.3757340244,0.3758219809
114,9240392,-757.9798454,284.8330464,0.3757791821,0.3757767755,0.3757340244,0.3758219809
115,9238791,-758.3701453,284.9413061,0.3757285381,0.3757767755,0.3757340244,0.3758219809
116,9240467,-756.1847785,284.1697555,0.3757940699,0.3757767755,0.3757340244,0.3758219809
117,9236832,-754.2038642,283.4324681,0.3758035215,0.3757767755,0.3757340244,0.3758219809
118,9237676,-754.4858094,283.5640023,0.375837423,0.3757767755,0.3757340244,0.3758219809
119,9241483,-756.4462369,284.2703292,0.3757971358,0.3757767755,0.3757340244,0.3758219809
120,9239189,-754.5638986,283.560788,0.3757942681,0.3757767755,0.3757340244,0.3758219809
121,9235655,-755.7019916,284.0949324,0.3759351379,0.3757767755,0.3757340244,0.3758219809
122,9238061,-755.0927138,283.7092795,0.3757277408,0.3757767755,0.3757340244,0.3758219809
123,9239719,-754.0711037,283.4475274,0.3758896555,0.3757767755,0.3757340244,0.3758219809
124,9241541,-756.2615818,284.2121802,0.3758120035,0.3757767755,0.3757340244,0.3758219809
125,9241456,-759.1767738,285.1730271,0.3756345517,0.3757767755,0.3757340244,0.3758219809
126,9239708,-757.8340669,284.7005308,0.3756766069,0.3757767755,0.3757340244,0.3758219809
127,9239181,-753.6395583,283.2049837,0.3757830658,0.3757767755,0.3757340244,0.3758219809
128,9238337,-754.7210512,283.6349197,0.3758142419,0.3757767755,0.3757340244,0.3758219809
129,9239008,-755.7605771,284.0030497,0.3757844194,0.3757767755,0.3757340244,0.3758219809
130,9238757,-753.9622359,283.4291951,0.3759196172,0.3757767755,0.3757340244,0.3758219809
131,9240871,-755.4562476,283.8967546,0.375795098,0.3757767755,0.3757340244,0.3758219809
132,9240445,-756.3335558,284.1553003,0.3757010358,0.3757767755,0.3757340244,0.3758219809
133,9235832,-754.951609,283.7460119,0.3758466219,0.3757767755,0.3757340244,0.3758219809
134,9239193,-755.6340006,283.9799641,0.3758168159,0.3757767755,0.3757340244,0.3758219809
135,9237354,-756.318537,284.2247397,0.3758003087,0.3757767755,0.3757340244,0.3758219809
136,9238681,-758.4436939,284.9597781,0.3757164578,0.3757767755,0.3757340244,0.3758219809
137,9238996,-755.8490847,284.0668921,0.3758248807,0.3757767755,0.3757340244,0.3758219809
138,9239982,-756.0544773,284.0810305,0.375741483,0.3757767755,0.3757340244,0.3758219809
139,9240802,-755.5596636,283.9555791,0.3758215172,0.3757767755,0.3757340244,0.3758219809
140,9239780,-755.0226607,283.7129442,0.3757674556,0.3757767755,0.3757340244,0.3758219809
141,9238929,-754.8098099,283.6943099,0.375848732,0.3757767755,0.3757340244,0.3758219809
142,9237437,-752.4383101,282.8131602,0.3758622554,0.3757767755,0.3757340244,0.3758219809
143,9240602,-756.3062866,284.1513618,0.3757093744,0.3757767755,0.3757340244,0.3758219809
144,9241063,-757.4613503,284.5878215,0.3757126636,0.3757767755,0.3757340244,0.3758219809
145,9238846,-758.426616,284.9458247,0.3757065202,0.3757767755,0.3757340244,0.3758219809
146,9239221,-755.3751328,283.9271695,0.3758757168,0.3757767755,0.3757340244,0.3758219809
147,9236675,-755.2967605,283.8310125,0.3757874088,0.3757767755,0.3757340244,0.3758219809
148,9238530,-756.4206151,284.2124478,0.3757333449,0.3757767755,0.3757340244,0.3758219809
149,9236471,-756.4507655,284.2283624,0.3757394074,0.3757767755,0.3757340244,0.3758219809
150,9237585,-755.7896578,283.9359325,0.3756811562,0.3757767755,0.3757340244,0.3758219809
151,9238608,-756.5289217,284.2716241,0.3757577747,0.3757767755,0.3757340244,0.3758219809
152,9237080,-756.9280407,284.366095,0.3756844505,0.3757767755,0.3757340244,0.3758219809
153,9236796,-755.2588688,283.8113488,0.3757802265,0.3757767755,0.3757340244,0.3758219809
154,9240041,-756.3368153,284.1339737,0.3756712195,0.3757767755,0.3757340244,0.3758219809
155,9240222,-755.5960702,283.8989677,0.3757284864,0.3757767755,0.3757340244,0.3758219809
156,9239499,-755.1055056,283.728679,0.375747067,0.3757767755,0.3757340244,0.3758219809
157,9240479,-758.2206739,284.9000235,0.3757481605,0.3757767755,0.3757340244,0.3758219809
158,9239037,-756.3585233,284.1977198,0.3757447177,0.3757767755,0.3757340244,0.3758219809
159,9239868,-756.0790877,284.1259098,0.3757886106,0.3757767755,0.3757340244,0.3758219809
160,9236401,-755.5313173,283.9578256,0.3758385908,0.3757767755,0.3757340244,0.3758219809
161,9239449,-756.4535988,284.2179285,0.3757242069,0.3757767755,0.3757340244,0.3758219809
162,9238054,-754.44645,283.4992613,0.3757712178,0.3757767755,0.3757340244,0.3758219809
163,9237196,-754.6279028,283.5900403,0.3758011587,0.3757767755,0.3757340244,0.3758219809
164,9238125,-756.2387614,284.1359108,0.3757224904,0.3757767755,0.3757340244,0.3758219809
165,9240847,-756.0518591,284.1265804,0.3758030312,0.3757767755,0.3757340244,0.3758219809
166,9241273,-756.7387216,284.3436769,0.3757488136,0.3757767755,0.3757340244,0.3758219809
167,9238436,-754.2424352,283.4325563,0.3757844204,0.3757767755,0.3757340244,0.3758219809
168,9238802,-755.8115281,284.0032775,0.3757593884,0.3757767755,0.3757340244,0.3758219809
169,9237723,-754.9328418,283.6627213,0.3757456366,0.3757767755,0.3757340244,0.3758219809
170,9237685,-755.250933,283.7985758,0.3757672628,0.3757767755,0.3757340244,0.3758219809
171,9239262,-758.2179392,284.7836323,0.3755960095,0.3757767755,0.3757340244,0.3758219809
172,9239686,-756.7757683,284.3933899,0.3757961101,0.3757767755,0.3757340244,0.3758219809
173,9241317,-755.3150897,283.8645452,0.3758226852,0.3757767755,0.3757340244,0.3758219809
174,9239391,-755.4544117,283.8482025,0.3757317426,0.3757767755,0.3757340244,0.3758219809
175,9233488,-755.2835954,283.8257564,0.3757869999,0.3757767755,0.3757340244,0.3758219809
176,9239341,-755.0162776,283.7100598,0.3757668122,0.3757767755,0.3757340244,0.3758219809
177,9236720,-756.453641,284.2595279,0.3757791786,0.3757767755,0.3757340244,0.3758219809
178,9239798,-756.5454359,284.2603376,0.3757346539,0.3757767755,0.3757340244,0.3758219809
179,9238677,-756.6818348,284.3693421,0.3758109802,0.3757767755,0.3757340244,0.3758219809
180,9238299,-757.9081305,284.7487465,0.3757035121,0.3757767755,0.3757340244,0.3758219809
181,9238157,-755.1553207,283.8264571,0.3758517611,0.3757767755,0.3757340244,0.3758219809
182,9239890,-756.6381878,284.3120585,0.3757569511,0.3757767755,0.3757340244,0.3758219809
183,9241700,-754.9939568,283.6839665,0.3757433605,0.3757767755,0.3757340244,0.3758219809
184,9238314,-755.4267382,283.9032926,0.3758184325,0.3757767755,0.3757340244,0.3758219809
185,9236769,-754.8578334,283.7491971,0.3758975326,0.3757767755,0.3757340244,0.3758219809
186,9238264,-756.4092335,284.2343672,0.3757679767,0.3757767755,0.3757340244,0.3758219809
187,9240217,-753.0380413,283.0388615,0.3758626338,0.3757767755,0.3757340244,0.3758219809
188,9238540,-758.0218755,284.8462482,0.3757757625,0.3757767755,0.3757340244,0.3758219809
189,9237425,-755.5543229,283.9197816,0.3757767946,0.3757767755,0.3757340244,0.3758219809
190,9240676,-756.5381604,284.2583726,0.37573567,0.3757767755,0.3757340244,0.3758219809
191,9240814,-754.7991805,283.6962345,0.3758565747,0.3757767755,0.3757340244,0.3758219809
192,9237257,-755.4163435,283.8371714,0.3757360744,0.3757767755,0.3757340244,0.3758219809
193,9238766,-756.53234,284.2011539,0.3756629278,0.3757767755,0.3757340244,0.3758219809
194,9239936,-754.4001174,283.5312336,0.3758366774,0.3757767755,0.3757340244,0.3758219809
195,9241535,-753.856936,283.2698539,0.3757607582,0.3757767755,0.3757340244,0.3758219809
196,9240153,-754.9138365,283.7514192,0.3758725903,0.3757767755,0.3757340244,0.3758219809
197,9238323,-752.6797341,282.857806,0.3758010123,0.3757767755,0.3757340244,0.3758219809
198,9238582,-756.3117175,284.2305899,0.3758114324,0.3757767755,0.3757340244,0.3758219809
199,9236361,-756.72257,284.3296058,0.3757382389,0.3757767755,0.3757340244,0.3758219809
200,9239320,-753.1077767,283.1088463,0.375920758,0.3757767755,0.3757340244,0.3758219809
201,9239277,-754.6451283,283.5636016,0.3757575461,0.3757767755,0.3757340244,0.3758219809
202,9238394,-755.7702618,284.0016415,0.3757777407,0.3757767755,0.3757340244,0.3758219809
203,9238083,-756.2551412,284.2028113,0.3758028155,0.3757767755,0.3757340244,0.3758219809
204,9239006,-756.4705935,284.2392066,0.3757438942,0.3757767755,0.3757340244,0.3758219809
205,9239324,-759.5138232,285.3534709,0.3757054344,0.3757767755,0.3757340244,0.3758219809
206,9238455,-754.8372358,283.6688261,0.3758013153,0.3757767755,0.3757340244,0.3758219809
207,9238383,-756.3417682,284.1576834,0.3757001072,0.3757767755,0.3757340244,0.3758219809
208,9238747,-754.9141947,283.7133493,0.3758219826,0.3757767755,0.3757340244,0.3758219809
209,9240593,-755.7253294,284.0134312,0.3758156835,0.3757767755,0.3757340244,0.3758219809
210,9236276,-753.8157484,283.19926,0.3756876406,0.3757767755,0.3757340244,0.3758219809
211,9240158,-755.3391951,283.8236813,0.3757565914,0.3757767755,0.3757340244,0.3758219809
212,9240577,-754.3650493,283.5516413,0.3758812017,0.3757767755,0.3757340244,0.3758219809
213,9239232,-758.4741453,284.9720613,0.375717568,0.3757767755,0.3757340244,0.3758219809
214,9238710,-753.0486589,283.0783605,0.3759097863,0.3757767755,0.3757340244,0.3758219809
215,9242635,-754.3941504,283.5540748,0.3758699277,0.3757767755,0.3757340244,0.3758219809
216,9236412,-755.295668,283.7907423,0.3757346352,0.3757767755,0.3757340244,0.3758219809
217,9240556,-757.0572506,284.448312,0.3757289317,0.3757767755,0.3757340244,0.3758219809
218,9240906,-758.0873183,284.8599733,0.375761428,0.3757767755,0.3757340244,0.3758219809
219,9239337,-755.6393087,283.9309597,0.3757493244,0.3757767755,0.3757340244,0.3758219809
220,9238684,-754.5986564,283.5815728,0.3758045027,0.3757767755,0.3757340244,0.3758219809
221,9239268,-755.9138937,284.0078794,0.375714591,0.3757767755,0.3757340244,0.3758219809
222,9239627,-755.1144412,283.7920941,0.3758266015,0.3757767755,0.3757340244,0.3758219809
223,9238637,-757.4366706,284.6215368,0.3757694179,0.3757767755,0.3757340244,0.3758219809
224,9236617,-755.3774146,283.763651,0.3756581088,0.3757767755,0.3757340244,0.3758219809
225,9242398,-755.7650912,283.9930818,0.3757689858,0.3757767755,0.3757340244,0.3758219809
226,9237585,-755.9819196,284.0724897,0.3757662483,0.3757767755,0.3757340244,0.3758219809
227,9238793,-753.7045366,283.2406868,0.3757980389,0.3757767755,0.3757340244,0.3758219809
228,9238502,-757.1170854,284.4570737,0.3757108104,0.3757767755,0.3757340244,0.3758219809
229,9241000,-755.6562514,283.9101685,0.3757133855,0.3757767755,0.3757340244,0.3758219809
230,9240678,-756.263094,284.2098313,0.3758081461,0.3757767755,0.3757340244,0.3758219809
231,9241617,-756.732651,284.4085059,0.3758374976,0.3757767755,0.3757340244,0.3758219809
232,9239867,-754.0461818,283.3896303,0.3758252971,0.3757767755,0.3757340244,0.3758219809
233,9240460,-755.1499377,283.7635511,0.3757711375,0.3757767755,0.3757340244,0.3758219809
234,9238425,-756.2583097,284.1789049,0.3757696296,0.3757767755,0.3757340244,0.3758219809
235,9242488,-752.8005941,282.9281357,0.3758341026,0.3757767755,0.3757340244,0.3758219809
236,9239174,-755.2367535,283.7806118,0.3757505319,0.3757767755,0.3757340244,0.3758219809
237,9237420,-754.852165,283.7137191,0.3758533554,0.3757767755,0.3757340244,0.3758219809
238,9237867,-754.6240509,283.535269,0.3757304962,0.3757767755,0.3757340244,0.3758219809
239,9238298,-756.5453383,284.3247162,0.375819798,0.3757767755,0.3757340244,0.3758219809
240,9240964,-754.823199,283.7203874,0.3758766129,0.3757767755,0.3757340244,0.3758219809
241,9239813,-752.9612571,282.994994,0.3758427029,0.3757767755,0.3757340244,0.3758219809
242,9236820,-753.9834344,283.3591121,0.3758160978,0.3757767755,0.3757340244,0.3758219809
243,9239523,-753.9970019,283.3462761,0.3757923114,0.3757767755,0.3757340244,0.3758219809
244,9237187,-753.8601917,283.2835638,0.3757773218,0.3757767755,0.3757340244,0.3758219809
245,9236360,-756.3956651,284.3103584,0.3758751822,0.3757767755,0.3757340244,0.3758219809
246,9239318,-756.4976391,284.3173867,0.3758338057,0.3757767755,0.3757340244,0.3758219809
247,9240498,-755.3060823,283.8108681,0.3757561004,0.3757767755,0.3757340244,0.3758219809
248,9237618,-755.1448475,283.834197,0.3758672232,0.3757767755,0.3757340244,0.3758219809
249,9239122,-758.4807807,285.0146175,0.3757703883,0.3757767755,0.3757340244,0.3758219809
250,9240372,-753.8060799,283.3290413,0.3758646273,0.3757767755,0.3757340244,0.3758219809
251,9238191,-755.0532794,283.7510995,0.3758027509,0.3757767755,0.3757340244,0.3758219809
252,9240503,-755.4144135,283.8685084,0.3757785175,0.3757767755,0.3757340244,0.3758219809
253,9238435,-755.2182603,283.7348729,0.375699169,0.3757767755,0.3757340244,0.3758219809
254,9238664,-754.7984359,283.6697943,0.3758219158,0.3757767755,0.3757340244,0.3758219809
255,9238727,-754.7198912,283.6047499,0.3757748446,0.3757767755,0.3757340244,0.3758219809
256,9238487,-755.0846015,283.7986534,0.3758501402,0.3757767755,0.3757340244,0.3758219809
257,9240659,-755.9092967,284.0017012,0.3757087027,0.3757767755,0.3757340244,0.3758219809
258,9237475,-753.4631117,283.1543173,0.3758038223,0.3757767755,0.3757340244,0.3758219809
259,9239343,-756.3244593,284.258951,0.3758425997,0.3757767755,0.3757340244,0.3758219809
260,9236963,-755.6105649,283.870935,0.3756841794,0.3757767755,0.3757340244,0.3758219809
261,9240504,-757.3457631,284.5313588,0.375695452,0.3757767755,0.3757340244,0.3758219809
262,9237808,-753.1076053,283.0630824,0.3758600769,0.3757767755,0.3757340244,0.3758219809
263,9241928,-753.7838197,283.323284,0.3758680892,0.3757767755,0.3757340244,0.3758219809
264,9239297,-754.0963836,283.358232,0.3757586407,0.3757767755,0.3757340244,0.3758219809
265,9238138,-755.1001621,283.7285104,0.3757495027,0.3757767755,0.3757340244,0.3758219809
266,9237331,-755.5257077,283.8875829,0.3757484094,0.3757767755,0.3757340244,0.3758219809
267,9238372,-756.067014,284.0493141,0.3756933034,0.3757767755,0.3757340244,0.3758219809
268,9240157,-757.4333485,284.5780702,0.3757136793,0.3757767755,0.3757340244,0.3758219809
269,9238632,-754.7564408,283.7125952,0.3758995351,0.3757767755,0.3757340244,0.3758219809
270,9241555,-757.2025875,284.4841755,0.3757041777,0.3757767755,0.3757340244,0.3758219809
271,9240484,-753.9027766,283.2855942,0.3757587888,0.3757767755,0.3757340244,0.3758219809
272,9239093,-758.4394872,284.9357065,0.3756868033,0.3757767755,0.3757340244,0.3758219809
273,9239685,-755.3480584,283.8757066,0.3758210582,0.3757767755,0.3757340244,0.3758219809
274,9239305,-756.9246899,284.3977509,0.3757279352,0.3757767755,0.3757340244,0.3758219809
275,9236921,-757.4543792,284.5689721,0.3756912362,0.3757767755,0.3757340244,0.3758219809
276,9240901,-754.1355336,283.5071569,0.3759366112,0.3757767755,0.3757340244,0.3758219809
277,9236103,-757.4150809,284.5546132,0.3756917711,0.3757767755,0.3757340244,0.3758219809
278,9237925,-759.2039851,285.2067079,0.3756654516,0.3757767755,0.3757340244,0.3758219809
279,9235261,-753.9143095,283.3689933,0.375863662,0.3757767755,0.3757340244,0.3758219809
280,9236634,-757.0001561,284.4355478,0.3757404084,0.3757767755,0.3757340244,0.3758219809
281,9237783,-755.4653912,283.7809049,0.3756372009,0.3757767755,0.3757340244,0.3758219809
282,9241574,-757.588143,284.6539357,0.3757370523,0.3757767755,0.3757340244,0.3758219809
283,9237321,-756.4456755,284.2444443,0.3757631955,0.3757767755,0.3757340244,0.3758219809
284,9237854,-754.8710728,283.7542999,0.3758976998,0.3757767755,0.3757340244,0.3758219809
285,9240197,-757.9829982,284.8162318,0.3757554358,0.3757767755,0.3757340244,0.3758219809
286,9237472,-754.1308146,283.3666115,0.3757525963,0.3757767755,0.3757340244,0.3758219809
287,9238392,-757.9623582,284.7474266,0.3756748914,0.3757767755,0.3757340244,0.3758219809
288,9239105,-753.6062742,283.2314745,0.3758348148,0.3757767755,0.3757340244,0.3758219809
289,9237742,-755.2465764,283.9002729,0.3759040845,0.3757767755,0.3757340244,0.3758219809
290,9237311,-755.565181,283.9266495,0.3757804841,0.3757767755,0.3757340244,0.3758219809
291,9237803,-756.0808359,284.190097,0.3758726362,0.3757767755,0.3757340244,0.3758219809
292,9240093,-754.1420952,283.3230065,0.375689155,0.3757767755,0.3757340244,0.3758219809
293,9240743,-756.584951,284.3434064,0.3758248244,0.3757767755,0.3757340244,0.3758219809
294,9237859,-756.5794081,284.280914,0.3757449793,0.3757767755,0.3757340244,0.3758219809
295,9240480,-755.3676911,283.8553434,0.3757843323,0.3757767755,0.3757340244,0.3758219809
296,9240666,-759.6294191,285.3666804,0.3756656512,0.3757767755,0.3757340244,0.3758219809
297,9238275,-757.2573787,284.5531331,0.375768056,0.3757767755,0.3757340244,0.3758219809
298,9237000,-757.8928162,284.791791,0.3757678986,0.3757767755,0.3757340244,0.3758219809
299,9240853,-756.8569823,284.44481,0.3758237244,0.3757767755,0.3757340244,0.3758219809
300,9237683,-754.0902565,283.4554966,0.3758906764,0.3757767755,0.3757340244,0.3758219809
301,9238070,-755.9915354,284.0614846,0.3757469116,0.3757767755,0.3757340244,0.3758219809
302,9238741,-755.5623105,283.8873751,0.3757299314,0.3757767755,0.3757340244,0.3758219809
303,9235324,-751.6365724,282.4499965,0.3757800071,0.3757767755,0.3757340244,0.3758219809
304,9242051,-757.128161,284.4910045,0.3757501295,0.3757767755,0.3757340244,0.3758219809
305,9242211,-754.6430697,283.6556984,0.3758806114,0.3757767755,0.3757340244,0.3758219809
306,9239678,-756.4067275,284.2207745,0.3757512515,0.3757767755,0.3757340244,0.3758219809
307,9238640,-755.2230099,283.8494671,0.3758485419,0.3757767755,0.3757340244,0.3758219809
308,9239288,-754.433575,283.5672948,0.375867809,0.3757767755,0.3757340244,0.3758219809
309,9237030,-756.6633941,284.3318028,0.3757705275,0.3757767755,0.3757340244,0.3758219809
310,9240501,-752.59861,282.8809094,0.3758722187,0.3757767755,0.3757340244,0.3758219809
311,9240048,-755.3926458,283.8327498,0.3757420083,0.3757767755,0.3757340244,0.3758219809
312,9237957,-756.105698,284.1049761,0.3757476989,0.3757767755,0.3757340244,0.3758219809
313,9240870,-755.833503,283.9863453,0.3757260616,0.3757767755,0.3757340244,0.3758219809
314,9241047,-754.2675632,283.4794892,0.3758341244,0.3757767755,0.3757340244,0.3758219809
315,9239351,-756.9861072,284.4683716,0.3757907429,0.3757767755,0.3757340244,0.3758219809
316,9239905,-755.536218,283.9544054,0.375831626,0.3757767755,0.3757340244,0.3758219809
317,9236532,-756.7408674,284.2852246,0.3756705061,0.3757767755,0.3757340244,0.3758219809
318,9239031,-754.2736173,283.4705964,0.3758193179,0.3757767755,0.3757340244,0.3758219809
319,9238911,-756.4860474,284.1892124,0.3756701308,0.3757767755,0.3757340244,0.3758219809
320,9238777,-757.3230241,284.6091433,0.3758094422,0.3757767755,0.3757340244,0.3758219809
321,9238475,-756.0968469,284.2340897,0.3759228608,0.3757767755,0.3757340244,0.3758219809
322,9235418,-754.9544691,283.6241143,0.3756837345,0.3757767755,0.3757340244,0.3758219809
323,9242054,-755.5313199,283.9547183,0.3758344767,0.3757767755,0.3757340244,0.3758219809
324,9237780,-754.7773129,283.7251563,0.3759057823,0.3757767755,0.3757340244,0.3758219809
325,9236853,-753.3906766,283.0757408,0.3757356569,0.3757767755,0.3757340244,0.3758219809
326,9240677,-755.7041667,283.954947,0.3757488175,0.3757767755,0.3757340244,0.3758219809
327,9240455,-754.4685741,283.5121694,0.3757773076,0.3757767755,0.3757340244,0.3758219809
328,9236961,-756.8231231,284.4727295,0.3758774286,0.3757767755,0.3757340244,0.3758219809
329,9238897,-755.2610067,283.8596994,0.3758431813,0.3757767755,0.3757340244,0.3758219809
330,9236021,-754.2294058,283.4574214,0.3758238796,0.3757767755,0.3757340244,0.3758219809
331,9238477,-755.8262949,284.0279331,0.3757846677,0.3757767755,0.3757340244,0.3758219809
332,9238179,-755.2018183,283.7460567,0.3757221577,0.3757767755,0.3757340244,0.3758219809
333,9240196,-756.4548593,284.2110667,0.3757145099,0.3757767755,0.3757340244,0.3758219809
334,9242299,-753.5620953,283.1918793,0.3758043047,0.3757767755,0.3757340244,0.3758219809
335,9238688,-756.1599328,284.1300854,0.3757539551,0.3757767755,0.3757340244,0.3758219809
336,9239116,-754.5179458,283.5410414,0.3757909842,0.3757767755,0.3757340244,0.3758219809
337,9238136,-754.7563123,283.694177,0.3758751962,0.3757767755,0.3757340244,0.3758219809
338,9238795,-756.0602164,284.1372719,0.3758130182,0.3757767755,0.3757340244,0.3758219809
339,9239434,-756.7603033,284.3589367,0.3757582625,0.3757767755,0.3757340244,0.3758219809
340,9239801,-755.3002448,283.8424608,0.3758008326,0.3757767755,0.3757340244,0.3758219809
341,9240654,-757.4120747,284.5416326,0.3756761241,0.3757767755,0.3757340244,0.3758219809
342,9241876,-757.1111197,284.4303956,0.3756785341,0.3757767755,0.3757340244,0.3758219809
343,9241811,-754.6988371,283.6206756,0.3758064298,0.3757767755,0.3757340244,0.3758219809
344,9240905,-757.2699797,284.6395088,0.3758758652,0.3757767755,0.3757340244,0.3758219809
345,9238338,-757.5974497,284.6620084,0.3757430921,0.3757767755,0.3757340244,0.3758219809
346,9240634,-754.2087916,283.4794573,0.375863369,0.3757767755,0.3757340244,0.3758219809
347,9240410,-753.9223777,283.3957514,0.3758951317,0.3757767755,0.3757340244,0.3758219809
348,9236396,-757.5230687,284.6770823,0.3757998852,0.3757767755,0.3757340244,0.3758219809
349,9240194,-753.0787852,283.1190663,0.3759488009,0.3757767755,0.3757340244,0.3758219809
350,9239364,-754.066969,283.3211348,0.375724102,0.3757767755,0.3757340244,0.3758219809
351,9240986,-755.8423914,284.1833991,0.3759823507,0.3757767755,0.3757340244,0.3758219809
352,9238484,-754.48956,283.5363652,0.3757989245,0.3757767755,0.3757340244,0.3758219809
353,9236969,-755.2116505,283.7640119,0.3757410412,0.3757767755,0.3757340244,0.3758219809
354,9238473,-758.1417301,284.8429606,0.3757120196,0.3757767755,0.3757340244,0.3758219809
355,9238634,-757.0722696,284.4370067,0.3757065451,0.3757767755,0.3757340244,0.3758219809
356,9239658,-755.1985751,283.8236448,0.3758265099,0.3757767755,0.3757340244,0.3758219809
357,9240009,-753.7002125,283.2323724,0.3757891636,0.3757767755,0.3757340244,0.3758219809
358,9239080,-758.6831384,285.0564527,0.3757253038,0.3757767755,0.3757340244,0.3758219809
359,9239645,-754.6397219,283.5559095,0.3757500451,0.3757767755,0.3757340244,0.3758219809
360,9240511,-756.9872941,284.4648714,0.3757855299,0.3757767755,0.3757340244,0.3758219809
361,9240142,-754.7583215,283.5691724,0.3757085737,0.3757767755,0.3757340244,0.3758219809
362,9238885,-754.9618033,283.6270289,0.3756839454,0.3757767755,0.3757340244,0.3758219809
363,9238233,-754.901282,283.6677855,0.3757680537,0.3757767755,0.3757340244,0.3758219809
364,9239899,-754.846504,283.6813574,0.3758133023,0.3757767755,0.3757340244,0.3758219809
365,9238565,-757.1335954,284.4406528,0.3756809294,0.3757767755,0.3757340244,0.3758219809
366,9236835,-755.4278879,283.8121709,0.3756972379,0.3757767755,0.3757340244,0.3758219809
367,9236069,-756.094894,284.0368305,0.3756629396,0.3757767755,0.3757340244,0.3758219809
368,9239282,-754.9693573,283.6891089,0.3757624149,0.3757767755,0.3757340244,0.3758219809
369,9236992,-755.5361993,283.8748697,0.3757263648,0.3757767755,0.3757340244,0.3758219809
370,9239627,-756.2887231,284.1788105,0.3757543935,0.3757767755,0.3757340244,0.3758219809
371,9242398,-756.8866581,284.4291675,0.3757883224,0.3757767755,0.3757340244,0.3758219809
372,9239619,-754.3660746,283.5325218,0.3758553458,0.3757767755,0.3757340244,0.3758219809
373,9239296,-757.5248544,284.6880594,0.3758134902,0.3757767755,0.3757340244,0.3758219809
374,9243106,-752.3882056,282.8324529,0.3759129274,0.3757767755,0.3757340244,0.3758219809
375,9237346,-754.9328279,283.6551626,0.3757356311,0.3757767755,0.3757340244,0.3758219809
376,9236506,-751.7110802,282.5617728,0.3758914565,0.3757767755,0.3757340244,0.3758219809
377,9238233,-754.0212086,283.310292,0.3757325241,0.3757767755,0.3757340244,0.3758219809
378,9238398,-756.4596089,284.2369318,0.3757463431,0.3757767755,0.3757340244,0.3758219809
379,9239230,-757.8219191,284.6924018,0.375671902,0.3757767755,0.3757340244,0.3758219809
380,9238228,-755.4385127,283.9854976,0.3759213924,0.3757767755,0.3757340244,0.3758219809
381,9241666,-757.30763,284.6238691,0.3758365265,0.3757767755,0.3757340244,0.3758219809
382,9239276,-753.8727135,283.2883393,0.3757774148,0.3757767755,0.3757340244,0.3758219809
383,9239272,-757.4373102,284.5798371,0.3757140469,0.3757767755,0.3757340244,0.3758219809
384,9240927,-754.8281663,283.6566077,0.3757896438,0.3757767755,0.3757340244,0.3758219809
385,9238603,-755.3773403,283.8193598,0.3757318955,0.3757767755,0.3757340244,0.3758219809
386,9236877,-755.8319353,284.0063569,0.3757533172,0.3757767755,0.3757340244,0.3758219809
387,9241864,-754.5499944,283.5745372,0.3758194146,0.3757767755,0.3757340244,0.3758219809
388,9236101,-756.098573,284.0843685,0.3757239844,0.3757767755,0.3757340244,0.3758219809
389,9237206,-758.7939373,285.1064461,0.3757363259,0.3757767755,0.3757340244,0.3758219809
390,9240041,-756.2304327,284.0970894,0.375675293,0.3757767755,0.3757340244,0.3758219809
391,9242366,-753.3661923,283.1877776,0.3758965832,0.3757767755,0.3757340244,0.3758219809
392,9238565,-755.5562482,283.96686,0.3758381466,0.3757767755,0.3757340244,0.3758219809
393,9240158,-754.0711891,283.3648864,0.3757800199,0.3757767755,0.3757340244,0.3758219809
394,9235014,-754.4065026,283.5321126,0.3758346615,0.3757767755,0.3757340244,0.3758219809
395,9240311,-753.7618558,283.3141932,0.3758669811,0.3757767755,0.3757340244,0.3758219809
396,9240157,-756.7526412,284.370063,0.3757767698,0.3757767755,0.3757340244,0.3758219809
397,9239626,-754.8917857,283.7347777,0.375861525,0.3757767755,0.3757340244,0.3758219809
398,9237158,-756.2544591,284.1471344,0.3757295326,0.3757767755,0.3757340244,0.3758219809
399,9240468,-755.9312539,284.0842973,0.3758070537,0.3757767755,0.3757340244,0.3758219809
400,9240334,-755.0917488,283.7192199,0.3757413855,0.3757767755,0.3757340244,0.3758219809
401,9240874,-754.8279995,283.6048202,0.3757211185,0.3757767755,0.3757340244,0.3758219809
402,9239865,-751.600337,282.5232271,0.3758955567,0.3757767755,0.3757340244,0.3758219809
403,9241013,-755.1786617,283.8132632,0.375822673,0.3757767755,0.3757340244,0.3758219809
404,9238610,-753.9504358,283.3572422,0.3758300662,0.3757767755,0.3757340244,0.3758219809
405,9238889,-754.670781,283.6112112,0.37580786,0.3757767755,0.3757340244,0.3758219809
406,9239429,-756.3213207,284.129554,0.3756730721,0.3757767755,0.3757340244,0.3758219809
407,9238465,-755.8079329,283.9503281,0.3756911191,0.3757767755,0.3757340244,0.3758219809
408,9240479,-753.1864302,283.057223,0.3758129617,0.3757767755,0.3757340244,0.3758219809
409,9240134,-755.4074612,283.8983529,0.3758214838,0.3757767755,0.3757340244,0.3758219809
410,9239706,-756.3949841,284.2203275,0.3757564943,0.3757767755,0.3757340244,0.3758219809
411,9238660,-756.2327626,284.1269496,0.3757136211,0.3757767755,0.3757340244,0.3758219809
412,9240051,-755.5157106,283.9149686,0.375789629,0.3757767755,0.3757340244,0.3758219809
413,9238807,-757.3716557,284.5676653,0.3757305455,0.3757767755,0.3757340244,0.3758219809
414,9236448,-756.6134647,284.3056534,0.3757607638,0.3757767755,0.3757340244,0.3758219809
415,9237051,-755.3020521,283.8026303,0.3757471988,0.3757767755,0.3757340244,0.3758219809
416,9237586,-756.4406651,284.2172644,0.3757297532,0.3757767755,0.3757340244,0.3758219809
417,9239727,-754.7631029,283.5605358,0.3756947507,0.3757767755,0.3757340244,0.3758219809
418,9238192,-755.0685003,283.8067871,0.3758689271,0.3757767755,0.3757340244,0.3758219809
419,9238050,-755.0573095,283.735112,0.3757795711,0.3757767755,0.3757340244,0.3758219809
420,9236002,-753.9972245,283.282485,0.3757075966,0.3757767755,0.3757340244,0.3758219809
421,9236989,-757.8182925,284.7133714,0.375701371,0.3757767755,0.3757340244,0.3758219809
422,9242482,-757.6851102,284.6599731,0.3756969343,0.3757767755,0.3757340244,0.3758219809
423,9237453,-754.2573339,283.4525005,0.3758034397,0.3757767755,0.3757340244,0.3758219809
424,9242349,-758.1545928,284.876848,0.3757503426,0.3757767755,0.3757340244,0.3758219809
425,9241591,-755.6361541,283.9414347,0.3757647555,0.3757767755,0.3757340244,0.3758219809
426,9240555,-757.0992994,284.4788781,0.3757484366,0.3757767755,0.3757340244,0.3758219809
427,9237523,-755.0035437,283.7766632,0.3758613659,0.3757767755,0.3757340244,0.3758219809
428,9239761,-756.0625751,284.0899575,0.3757492658,0.3757767755,0.3757340244,0.3758219809
429,9240783,-756.6392694,284.331334,0.375781889,0.3757767755,0.3757340244,0.3758219809
430,9236486,-753.0051596,283.0147252,0.3758469933,0.3757767755,0.3757340244,0.3758219809
431,9239139,-755.2665109,283.7821467,0.3757377596,0.3757767755,0.3757340244,0.3758219809
432,9238821,-757.51073,284.5653181,0.3756584651,0.3757767755,0.3757340244,0.3758219809
433,9238320,-753.7350446,283.3609458,0.375942379,0.3757767755,0.3757340244,0.3758219809
434,9239523,-757.2886478,284.4632599,0.3756338627,0.3757767755,0.3757340244,0.3758219809
435,9240942,-756.2227821,284.1598494,0.3757620852,0.3757767755,0.3757340244,0.3758219809
436,9239151,-754.8184954,283.6796408,0.3758249732,0.3757767755,0.3757340244,0.3758219809
437,9238562,-757.1569603,284.4894259,0.3757337525,0.3757767755,0.3757340244,0.3758219809
438,9236303,-753.2484091,283.0858094,0.3758199898,0.3757767755,0.3757340244,0.3758219809
439,9239462,-752.8945976,283.0015909,0.375884741,0.3757767755,0.3757340244,0.3758219809
440,9236127,-753.3618054,283.1594895,0.3758612229,0.3757767755,0.3757340244,0.3758219809
441,9237838,-755.6961383,283.9058085,0.3756877852,0.3757767755,0.3757340244,0.3758219809
442,9239796,-756.5491465,284.3474214,0.3758479177,0.3757767755,0.3757340244,0.3758219809
443,9239226,-755.2691823,283.730903,0.3756685823,0.3757767755,0.3757340244,0.3758219809
444,9237491,-756.4268763,284.1912001,0.3757021452,0.3757767755,0.3757340244,0.3758219809
445,9240282,-755.5707828,283.9818147,0.3758507094,0.3757767755,0.3757340244,0.3758219809
446,9240936,-753.7400576,283.2999327,0.3758589315,0.3757767755,0.3757340244,0.3758219809
447,9238006,-755.0838905,283.7481707,0.3757836371,0.3757767755,0.3757340244,0.3758219809
448,9239548,-756.0691889,284.0467546,0.3756888374,0.3757767755,0.3757340244,0.3758219809
449,9236572,-754.488783,283.4452148,0.3756785007,0.3757767755,0.3757340244,0.3758219809
450,9236485,-753.8635507,283.2799633,0.3757708713,0.3757767755,0.3757340244,0.3758219809
451,9237393,-752.8414287,282.9352941,0.3758232256,0.3757767755,0.3757340244,0.3758219809
452,9236997,-754.591973,283.5926151,0.3758224647,0.3757767755,0.3757340244,0.3758219809
453,9241198,-754.900585,283.6313686,0.37572016,0.3757767755,0.3757340244,0.3758219809
454,9237084,-758.2686966,284.8649486,0.375678107,0.3757767755,0.3757340244,0.3758219809
455,9239701,-755.0601002,283.7358754,0.3757791934,0.3757767755,0.3757340244,0.3758219809
456,9243041,-757.301044,284.5460915,0.3757370912,0.3757767755,0.3757340244,0.3758219809
457,9238596,-756.9799211,284.4513355,0.3757713086,0.3757767755,0.3757340244,0.3758219809
458,9238823,-755.9469845,284.1124113,0.3758364239,0.3757767755,0.3757340244,0.3758219809
459,9238336,-755.0588783,283.7223712,0.3757619166,0.3757767755,0.3757340244,0.3758219809
460,9240214,-755.4240878,283.8532618,0.3757535222,0.3757767755,0.3757340244,0.3758219809
461,9238153,-754.6420032,283.5891853,0.375793004,0.3757767755,0.3757340244,0.3758219809
462,9239698,-759.5319407,285.3092602,0.3756382648,0.3757767755,0.3757340244,0.3758219809
463,9239448,-755.1092912,283.7411729,0.375761729,0.3757767755,0.3757340244,0.3758219809
464,9242342,-754.9689133,283.6996504,0.3757765988,0.3757767755,0.3757340244,0.3758219809
465,9237095,-755.1890299,283.7844704,0.3757793865,0.3757767755,0.3757340244,0.3758219809
466,9239472,-755.9177149,284.028241,0.375739628,0.3757767755,0.3757340244,0.3758219809
467,9239759,-755.8933019,284.1012192,0.3758483088,0.3757767755,0.3757340244,0.3758219809
468,9235196,-754.8283572,283.678969,0.3758191731,0.3757767755,0.3757340244,0.3758219809
469,9238272,-756.5895932,284.324065,0.3757969546,0.3757767755,0.3757340244,0.3758219809
470,9236264,-755.7991952,283.9961926,0.3757561458,0.3757767755,0.3757340244,0.3758219809
471,9238440,-756.4313258,284.2126509,0.3757282932,0.3757767755,0.3757340244,0.3758219809
472,9239969,-752.2727762,282.7616899,0.3758765422,0.3757767755,0.3757340244,0.3758219809
473,9240285,-754.7874308,283.7041446,0.3758729054,0.3757767755,0.3757340244,0.3758219809
474,9239305,-754.1268267,283.3748182,0.3757654657,0.3757767755,0.3757340244,0.3758219809
475,9239661,-754.2910975,283.5513278,0.375917638,0.3757767755,0.3757340244,0.3758219809
476,9236911,-754.6768193,283.6018995,0.3757925144,0.3757767755,0.3757340244,0.3758219809
477,9237784,-753.4352896,283.1164242,0.3757674058,0.3757767755,0.3757340244,0.3758219809
478,9239902,-755.6856759,283.9313522,0.3757267886,0.3757767755,0.3757340244,0.3758219809
479,9237685,-752.5322566,282.8639334,0.3758828023,0.3757767755,0.3757340244,0.3758219809
480,9237065,-754.3896546,283.4469423,0.3757301555,0.3757767755,0.3757340244,0.3758219809
481,9240174,-752.8692513,283.0123915,0.3759117416,0.3757767755,0.3757340244,0.3758219809
482,9240393,-755.9245686,284.0088033,0.3757105075,0.3757767755,0.3757340244,0.3758219809
483,9240334,-754.3953417,283.4672476,0.3757542391,0.3757767755,0.3757340244,0.3758219809
484,9241465,-754.6268972,283.5724101,0.3757782967,0.3757767755,0.3757340244,0.3758219809
485,9239103,-755.1737101,283.7652761,0.3757615927,0.3757767755,0.3757340244,0.3758219809
486,9238353,-758.7585953,285.0549254,0.375685926,0.3757767755,0.3757340244,0.3758219809
487,9237125,-758.7959173,285.1316731,0.3757685916,0.3757767755,0.3757340244,0.3758219809
488,9240114,-757.549638,284.6292603,0.3757235778,0.3757767755,0.3757340244,0.3758219809
489,9238890,-756.0696151,284.1268029,0.3757944999,0.3757767755,0.3757340244,0.3758219809
490,9241022,-755.8148966,284.0565719,0.3758282262,0.3757767755,0.3757340244,0.3758219809
491,9236018,-756.3467733,284.1734174,0.3757184237,0.3757767755,0.3757340244,0.3758219809
492,9239296,-757.1928805,284.5652473,0.375816063,0.3757767755,0.3757340244,0.3758219809
493,9242897,-756.7543683,284.2849652,0.375663461,0.3757767755,0.3757340244,0.3758219809
494,9241950,-754.9049798,283.7249937,0.3758419951,0.3757767755,0.3757340244,0.3758219809
495,9240639,-753.855229,283.3924648,0.3759242543,0.3757767755,0.3757340244,0.3758219809
496,9240658,-755.3503342,283.8656934,0.3758066695,0.3757767755,0.3757340244,0.3758219809
497,9240662,-756.6380464,284.2780806,0.3757121149,0.3757767755,0.3757340244,0.3758219809
498,9238216,-756.8727878,284.3999188,0.3757565649,0.3757767755,0.3757340244,0.3758219809
499,9237382,-754.5009911,283.5140359,0.3757636361,0.3757767755,0.3757340244,0.3758219809
500,9237499,-754.0485508,283.4633115,0.3759218305,0.3757767755,0.3757340244,0.3758219809
501,9237807,-759.429565,285.2898396,0.3756633303,0.3757767755,0.3757340244,0.3758219809
502,9241581,-754.3560528,283.4769871,0.3757867204,0.3757767755,0.3757340244,0.3758219809
503,9239407,-755.597229,283.9114387,0.3757444149,0.3757767755,0.3757340244,0.3758219809
504,9238519,-754.4570774,283.4769895,0.3757364043,0.3757767755,0.3757340244,0.3758219809
505,9236166,-753.9321244,283.3724667,0.3758593878,0.3757767755,0.3757340244,0.3758219809
506,9239678,-757.3463372,284.5001278,0.3756539299,0.3757767755,0.3757340244,0.3758219809
507,9238728,-756.1634964,284.2337334,0.3758892551,0.3757767755,0.3757340244,0.3758219809
508,9240396,-756.2593858,284.2250343,0.3758300917,0.3757767755,0.3757340244,0.3758219809
509,9236521,-755.4352656,283.8617477,0.3757591955,0.3757767755,0.3757340244,0.3758219809
510,9238952,-759.4572119,285.3473612,0.3757253953,0.3757767755,0.3757340244,0.3758219809
511,9241108,-756.0287774,284.1007662,0.3757803601,0.3757767755,0.3757340244,0.3758219809
512,9240832,-754.6132862,283.5255464,0.3757229717,0.3757767755,0.3757340244,0.3758219809
513,9239483,-758.4211924,284.9417432,0.3757038253,0.3757767755,0.3757340244,0.3758219809
514,9235070,-755.926908,284.0504258,0.3757644064,0.3757767755,0.3757340244,0.3758219809
515,9236930,-754.8874505,283.6859031,0.3757989392,0.3757767755,0.3757340244,0.3758219809
516,9238348,-755.5694125,283.9068251,0.3757521419,0.3757767755,0.3757340244,0.3758219809
517,9241955,-756.4026691,284.2569684,0.3758011176,0.3757767755,0.3757340244,0.3758219809
518,9240028,-754.4440685,283.4935187,0.3757647923,0.3757767755,0.3757340244,0.3758219809
519,9241590,-753.7329242,283.2163492,0.3757515959,0.3757767755,0.3757340244,0.3758219809
520,9239430,-758.7532724,285.1706432,0.3758410719,0.3757767755,0.3757340244,0.3758219809
521,9238066,-757.9486889,284.8655647,0.3758375322,0.3757767755,0.3757340244,0.3758219809
522,9238069,-755.3095176,283.8831683,0.3758501141,0.3757767755,0.3757340244,0.3758219809
523,9236652,-756.0184544,284.1053056,0.3757914955,0.3757767755,0.3757340244,0.3758219809
524,9239886,-756.2097765,284.0678863,0.3756469371,0.3757767755,0.3757340244,0.3758219809
525,9237636,-756.2093931,284.1838294,0.375800449,0.3757767755,0.3757340244,0.3758219809
526,9238342,-754.8264058,283.6449361,0.3757750576,0.3757767755,0.3757340244,0.3758219809
527,9238603,-752.6097157,282.8534797,0.3758302263,0.3757767755,0.3757340244,0.3758219809
528,9240370,-757.1056173,284.4751161,0.3757403321,0.3757767755,0.3757340244,0.3758219809
529,9238366,-753.7068432,283.1734226,0.3757076444,0.3757767755,0.3757340244,0.3758219809
530,9238318,-754.7390035,283.6540566,0.3758306584,0.3757767755,0.3757340244,0.3758219809
531,9235728,-757.8572221,284.8484604,0.3758603232,0.3757767755,0.3757340244,0.3758219809
532,9237897,-754.4308483,283.5798478,0.3758858064,0.3757767755,0.3757340244,0.3758219809
533,9237204,-754.6053635,283.5915331,0.3758143618,0.3757767755,0.3757340244,0.3758219809
534,9238547,-756.7405557,284.3230257,0.3757206134,0.3757767755,0.3757340244,0.3758219809
535,9237698,-756.5537796,284.2689772,0.3757419298,0.3757767755,0.3757340244,0.3758219809
536,9240387,-757.9978852,284.7807534,0.3757012506,0.3757767755,0.3757340244,0.3758219809
537,9237429,-757.2605872,284.5153577,0.3757165796,0.3757767755,0.3757340244,0.3758219809
538,9237705,-756.1768346,284.1905402,0.3758255043,0.3757767755,0.3757340244,0.3758219809
539,9238375,-753.8032121,283.3225986,0.3758575103,0.3757767755,0.3757340244,0.3758219809
540,9237139,-757.6338582,284.6263674,0.3756779931,0.3757767755,0.3757340244,0.3758219809
541,9241887,-756.4480516,284.2107955,0.3757175326,0.3757767755,0.3757340244,0.3758219809
542,9240383,-756.954678,284.4850785,0.3758284172,0.3757767755,0.3757340244,0.3758219809
543,9238664,-759.1606698,285.1800592,0.375651783,0.3757767755,0.3757340244,0.3758219809
544,9238809,-755.7717447,283.9434267,0.3756999765,0.3757767755,0.3757340244,0.3758219809
545,9241199,-755.9074606,284.0210092,0.3757351581,0.3757767755,0.3757340244,0.3758219809
546,9240477,-754.8839604,283.7257367,0.3758534445,0.3757767755,0.3757340244,0.3758219809
547,9240543,-756.3040744,284.2233671,0.3758056802,0.3757767755,0.3757340244,0.3758219809
548,9235764,-756.6756304,284.3437518,0.3757802424,0.3757767755,0.3757340244,0.3758219809
549,9235105,-758.3527502,284.8995045,0.375682035,0.3757767755,0.3757340244,0.3758219809
550,9238234,-754.7468334,283.5877819,0.3757389489,0.3757767755,0.3757340244,0.3758219809
551,9240255,-758.2804846,285.005138,0.3758571449,0.3757767755,0.3757340244,0.3758219809
552,9237226,-758.4430375,284.999685,0.3757693998,0.3757767755,0.3757340244,0.3758219809
553,9238289,-753.5914153,283.2266726,0.3758358532,0.3757767755,0.3757340244,0.3758219809
554,9239247,-753.7646309,283.2843555,0.3758260124,0.3757767755,0.3757340244,0.3758219809
555,9239186,-756.2341661,284.110022,0.3756905397,0.3757767755,0.3757340244,0.3758219809
556,9238230,-754.8618818,283.7313505,0.3758718746,0.3757767755,0.3757340244,0.3758219809
557,9240431,-755.4673162,283.8527368,0.3757313265,0.3757767755,0.3757340244,0.3758219809
558,9240811,-756.8452743,284.3669358,0.3757266451,0.3757767755,0.3757340244,0.3758219809
559,9239625,-756.5273257,284.305256,0.375803023,0.3757767755,0.3757340244,0.3758219809
560,9237216,-757.6464713,284.6349888,0.3756831182,0.3757767755,0.3757340244,0.3758219809
561,9234561,-753.0989529,283.0113922,0.3757957585,0.3757767755,0.3757340244,0.3758219809
562,9238319,-755.2223556,283.6987987,0.3756493655,0.3757767755,0.3757340244,0.3758219809
563,9237626,-754.582917,283.6289735,0.3758751585,0.3757767755,0.3757340244,0.3758219809
564,9238312,-756.4503716,284.2267991,0.3757375366,0.3757767755,0.3757340244,0.3758219809
565,9239151,-756.9135327,284.3865914,0.3757187302,0.3757767755,0.3757340244,0.3758219809
566,9242114,-757.4419914,284.6979081,0.3758676062,0.3757767755,0.3757340244,0.3758219809
567,9239811,-755.0144548,283.6983775,0.3757522464,0.3757767755,0.3757340244,0.3758219809
568,9238617,-757.6713164,284.7221392,0.375785823,0.3757767755,0.3757340244,0.3758219809
569,9241474,-758.7408477,284.9948103,0.3756154834,0.3757767755,0.3757340244,0.3758219809
570,9238564,-757.3283045,284.5655607,0.3757492741,0.3757767755,0.3757340244,0.3758219809
571,9238651,-755.2689525,283.7245681,0.375660309,0.3757767755,0.3757340244,0.3758219809
572,9237882,-754.8375962,283.6367145,0.3757585948,0.3757767755,0.3757340244,0.3758219809
573,9241800,-758.4035751,284.9819631,0.3757655851,0.3757767755,0.3757340244,0.3758219809
574,9238203,-756.2823667,284.2806287,0.3758921815,0.3757767755,0.3757340244,0.3758219809
575,9237828,-755.8218634,283.9916792,0.3757389048,0.3757767755,0.3757340244,0.3758219809
576,9240255,-754.0808532,283.3597759,0.3757684268,0.3757767755,0.3757340244,0.3758219809
577,9238110,-754.9849811,283.7281623,0.3758063662,0.3757767755,0.3757340244,0.3758219809
578,9235448,-756.2000341,284.1847787,0.3758063553,0.3757767755,0.3757340244,0.3758219809
579,9238560,-754.8776914,283.7067862,0.3758314617,0.3757767755,0.3757340244,0.3758219809
580,9237146,-756.2998534,284.2123532,0.3757932147,0.3757767755,0.3757340244,0.3758219809
581,9236723,-757.8656898,284.7839535,0.3757710071,0.3757767755,0.3757340244,0.3758219809
582,9240877,-758.9149916,285.1478767,0.3757309842,0.3757767755,0.3757340244,0.3758219809
583,9237348,-757.1870839,284.476319,0.3757014944,0.3757767755,0.3757340244,0.3758219809
584,9239270,-756.28412,284.1703963,0.3757455548,0.3757767755,0.3757340244,0.3758219809
585,9241379,-756.9752383,284.4216884,0.3757344679,0.3757767755,0.3757340244,0.3758219809
586,9237794,-757.5334517,284.6458366,0.3757534877,0.3757767755,0.3757340244,0.3758219809
587,9235531,-757.4710049,284.589679,0.375710327,0.3757767755,0.3757340244,0.3758219809
588,9240384,-758.6705642,285.0846329,0.3757686753,0.3757767755,0.3757340244,0.3758219809
589,9239320,-753.8271096,283.2612255,0.3757641797,0.3757767755,0.3757340244,0.3758219809
590,9240720,-755.1115242,283.8383175,0.3758892672,0.3757767755,0.3757340244,0.3758219809
591,9236404,-754.7328619,283.6013063,0.375763824,0.3757767755,0.3757340244,0.3758219809
592,9239713,-758.0813765,284.9295618,0.3758561688,0.3757767755,0.3757340244,0.3758219809
593,9237758,-756.4343794,284.2845407,0.3758218141,0.3757767755,0.3757340244,0.3758219809
594,9235931,-753.1568567,283.0314651,0.3757935185,0.3757767755,0.3757340244,0.3758219809
595,9242004,-754.3059845,283.4370016,0.3757586542,0.3757767755,0.3757340244,0.3758219809
596,9237751,-753.2426647,283.1045069,0.3758476785,0.3757767755,0.3757340244,0.3758219809
597,9237187,-754.817637,283.6638535,0.3758044853,0.3757767755,0.3757340244,0.3758219809
598,9237174,-754.3682194,283.5148107,0.3758307991,0.3757767755,0.3757340244,0.3758219809
599,9240061,-754.0478951,283.28085,0.3756801814,0.3757767755,0.3757340244,0.3758219809
600,9241080,-757.402891,284.6349763,0.3758039211,0.3757767755,0.3757340244,0.3758219809
601,9240939,-755.5428838,283.9410753,0.3758106672,0.3757767755,0.3757340244,0.3758219809
602,9237826,-755.2121688,283.7602982,0.375735866,0.3757767755,0.3757340244,0.3758219809
603,9238647,-755.96312,284.0609014,0.3757602638,0.3757767755,0.3757340244,0.3758219809
604,9238701,-756.2429207,284.1801877,0.3757789725,0.3757767755,0.3757340244,0.3758219809
605,9238492,-754.2731802,283.4417803,0.375781332,0.3757767755,0.3757340244,0.3758219809
606,9238554,-755.1726745,283.7864705,0.3757901736,0.3757767755,0.3757340244,0.3758219809
607,9238309,-756.7822498,284.2445546,0.3755962229,0.3757767755,0.3757340244,0.3758219809
608,9237973,-755.0140643,283.7110592,0.3757692375,0.3757767755,0.3757340244,0.3758219809
609,9238837,-754.4948801,283.498768,0.3757464437,0.3757767755,0.3757340244,0.3758219809
610,9237768,-757.7468103,284.7134424,0.3757369065,0.3757767755,0.3757340244,0.3758219809
611,9238927,-754.9339444,283.7352111,0.3758411092,0.3757767755,0.3757340244,0.3758219809
612,9237249,-755.9861243,284.0751971,0.3757677396,0.3757767755,0.3757340244,0.3758219809
613,9240067,-757.2461155,284.4999858,0.3757034602,0.3757767755,0.3757340244,0.3758219809
614,9241433,-757.204579,284.5100099,0.3757373078,0.3757767755,0.3757340244,0.3758219809
615,9235354,-755.6350765,283.9640851,0.3757952666,0.3757767755,0.3757340244,0.3758219809
616,9238684,-755.639465,283.9484674,0.375772416,0.3757767755,0.3757340244,0.3758219809
617,9238107,-755.9936293,284.0441754,0.3757229749,0.3757767755,0.3757340244,0.3758219809
618,9239419,-755.0908142,283.7094732,0.3757289426,0.3757767755,0.3757340244,0.3758219809
619,9240804,-756.4398049,284.2842483,0.3758187319,0.3757767755,0.3757340244,0.3758219809
620,9238421,-757.4276876,284.6533398,0.3758158627,0.3757767755,0.3757340244,0.3758219809
621,9237561,-755.2804438,283.7090974,0.3756341101,0.3757767755,0.3757340244,0.3758219809
622,9237691,-756.6182612,284.3113234,0.3757658755,0.3757767755,0.3757340244,0.3758219809
623,9241520,-757.785126,284.7809696,0.3758070195,0.3757767755,0.3757340244,0.3758219809
624,9238364,-755.8295846,284.0149751,0.3757658881,0.3757767755,0.3757340244,0.3758219809
625,9242364,-758.7328599,285.0467559,0.3756879014,0.3757767755,0.3757340244,0.3758219809
626,9240340,-756.8881066,284.4390838,0.3758007047,0.3757767755,0.3757340244,0.3758219809
627,9238502,-753.2617769,283.0677985,0.3757894097,0.3757767755,0.3757340244,0.3758219809
628,9237559,-757.198586,284.4986012,0.3757252145,0.3757767755,0.3757340244,0.3758219809
629,9238744,-757.475597,284.6165406,0.3757435114,0.3757767755,0.3757340244,0.3758219809
630,9240820,-756.489431,284.2978399,0.3758120448,0.3757767755,0.3757340244,0.3758219809
631,9238182,-755.7985417,284.0597943,0.3758406223,0.3757767755,0.3757340244,0.3758219809
632,9238960,-756.378064,284.2544388,0.3758099982,0.3757767755,0.3757340244,0.3758219809
633,9239346,-756.6795949,284.3492428,0.3757855303,0.3757767755,0.3757340244,0.3758219809
634,9238862,-754.858114,283.730158,0.3758721708,0.3757767755,0.3757340244,0.3758219809
635,9237758,-755.7793399,284.1114102,0.3759184661,0.3757767755,0.3757340244,0.3758219809
636,9239368,-757.0412904,284.394814,0.3756661857,0.3757767755,0.3757340244,0.3758219809
637,9237567,-753.3122438,283.1337882,0.3758518338,0.3757767755,0.3757340244,0.3758219809
638,9237608,-756.3765012,284.2369562,0.375787661,0.3757767755,0.3757340244,0.3758219809
639,9239957,-754.434794,283.4297822,0.3756849293,0.3757767755,0.3757340244,0.3758219809
640,9237945,-755.7138304,283.9454305,0.3757314199,0.3757767755,0.3757340244,0.3758219809
641,9239157,-756.6958772,284.3197786,0.3757385063,0.3757767755,0.3757340244,0.3758219809
642,9239454,-755.182198,283.8366091,0.3758518273,0.3757767755,0.3757340244,0.3758219809
643,9240683,-754.9488482,283.7207909,0.3758145887,0.3757767755,0.3757340244,0.3758219809
644,9238881,-755.3061252,283.8450008,0.3758012696,0.3757767755,0.3757340244,0.3758219809
645,9238900,-755.5826543,283.9043397,0.3757422673,0.3757767755,0.3757340244,0.3758219809
646,9238100,-756.9638061,284.4098864,0.3757245514,0.3757767755,0.3757340244,0.3758219809
647,9239301,-756.8162891,284.3712144,0.3757466885,0.3757767755,0.3757340244,0.3758219809
648,9238277,-758.8810959,285.0852637,0.3756652593,0.3757767755,0.3757340244,0.3758219809
649,9238633,-757.5267933,284.7015775,0.3758303734,0.3757767755,0.3757340244,0.3758219809
650,9242665,-755.8056311,284.0724167,0.3758537976,0.3757767755,0.3757340244,0.3758219809
651,9237402,-754.8552168,283.6257303,0.3757352721,0.3757767755,0.3757340244,0.3758219809
652,9243190,-753.0250307,282.999955,0.3758174608,0.3757767755,0.3757340244,0.3758219809
653,9240285,-755.7486055,283.9528043,0.3757238878,0.3757767755,0.3757340244,0.3758219809
654,9237060,-754.6142955,283.6079947,0.3758317281,0.3757767755,0.3757340244,0.3758219809
655,9240105,-754.5762155,283.6088704,0.3758518551,0.3757767755,0.3757340244,0.3758219809
656,9240473,-757.7648762,284.7455054,0.3757702611,0.3757767755,0.3757340244,0.3758219809
657,9238415,-755.058386,283.6612548,0.3756812189,0.3757767755,0.3757340244,0.3758219809
658,9239423,-755.681292,283.9753186,0.3757871494,0.3757767755,0.3757340244,0.3758219809
659,9239928,-754.3408899,283.5163547,0.3758464622,0.3757767755,0.3757340244,0.3758219809
660,9238167,-754.0042056,283.3281157,0.3757646357,0.3757767755,0.3757340244,0.3758219809
661,9239454,-756.4993619,284.2921711,0.3757996178,0.3757767755,0.3757340244,0.3758219809
662,9239340,-755.4855807,283.9375432,0.375834497,0.3757767755,0.3757340244,0.3758219809
663,9241636,-756.0614842,284.0750145,0.3757300437,0.3757767755,0.3757340244,0.3758219809
664,9240661,-753.6318463,283.2505115,0.3758473224,0.3757767755,0.3757340244,0.3758219809
665,9239920,-755.1570046,283.810879,0.3758302939,0.3757767755,0.3757340244,0.3758219809
666,9236869,-755.9379639,284.0092579,0.3757044513,0.3757767755,0.3757340244,0.3758219809
667,9238541,-754.4852507,283.5616574,0.3758345934,0.3757767755,0.3757340244,0.3758219809
668,9238500,-755.5737073,283.9461503,0.3758020528,0.3757767755,0.3757340244,0.3758219809
669,9236734,-755.6801435,283.9304936,0.3757284031,0.3757767755,0.3757340244,0.3758219809
670,9238094,-753.7347273,283.2127792,0.3757459606,0.3757767755,0.3757340244,0.3758219809
671,9238011,-755.2990171,283.7882449,0.3757296627,0.3757767755,0.3757340244,0.3758219809
672,9238893,-758.1883296,284.8655986,0.3757187858,0.3757767755,0.3757340244,0.3758219809
673,9240235,-754.5953755,283.6009087,0.3758317608,0.3757767755,0.3757340244,0.3758219809
674,9239571,-756.7873829,284.3011731,0.3756684897,0.3757767755,0.3757340244,0.3758219809
675,9237237,-754.1808319,283.4779844,0.3758753503,0.3757767755,0.3757340244,0.3758219809
676,9235896,-753.1615831,283.0785146,0.3758536295,0.3757767755,0.3757340244,0.3758219809
677,9238184,-756.0791769,284.0866206,0.3757366017,0.3757767755,0.3757340244,0.3758219809
678,9239914,-757.5635717,284.6713873,0.3757722757,0.3757767755,0.3757340244,0.3758219809
679,9239430,-756.1247797,284.1195892,0.3757575427,0.3757767755,0.3757340244,0.3758219809
680,9238643,-758.0962372,284.8452926,0.3757376421,0.3757767755,0.3757340244,0.3758219809
681,9240694,-756.6779306,284.3686005,0.3758119392,0.3757767755,0.3757340244,0.3758219809
682,9237606,-755.6706026,283.9278349,0.3757296287,0.3757767755,0.3757340244,0.3758219809
683,9236352,-755.1151794,283.8001084,0.3758368473,0.3757767755,0.3757340244,0.3758219809
684,9239813,-754.1862631,283.4020183,0.3757719175,0.3757767755,0.3757340244,0.3758219809
685,9238224,-758.1011517,284.7703683,0.3756363747,0.3757767755,0.3757340244,0.3758219809
686,9239325,-753.900299,283.3817283,0.3758875394,0.3757767755,0.3757340244,0.3758219809
687,9240593,-757.6168881,284.6953977,0.3757775232,0.3757767755,0.3757340244,0.3758219809
688,9235876,-753.5150277,283.0899962,0.3756925686,0.3757767755,0.3757340244,0.3758219809
689,9239317,-756.2740054,284.264683,0.3758752528,0.3757767755,0.3757340244,0.3758219809
690,9237828,-757.2036179,284.5669641,0.3758130011,0.3757767755,0.3757340244,0.3758219809
691,9240410,-756.360658,284.1988569,0.3757451606,0.3757767755,0.3757340244,0.3758219809
692,9238305,-755.7159889,284.0414406,0.3758573918,0.3757767755,0.3757340244,0.3758219809
693,9238959,-752.8561169,282.9881808,0.3758861413,0.3757767755,0.3757340244,0.3758219809
694,9236546,-755.5749631,283.8953967,0.3757342561,0.3757767755,0.3757340244,0.3758219809
695,9241254,-759.5394351,285.3623347,0.3757044355,0.3757767755,0.3757340244,0.3758219809
696,9240438,-754.7628886,283.643005,0.3758041225,0.3757767755,0.3757340244,0.3758219809
697,9240825,-753.2195159,283.2026035,0.375989466,0.3757767755,0.3757340244,0.3758219809
698,9237922,-753.2191963,283.0326031,0.375763927,0.3757767755,0.3757340244,0.3758219809
699,9240014,-757.1599435,284.5109645,0.3757607187,0.3757767755,0.3757340244,0.3758219809
700,9241052,-756.540602,284.283856,0.3757681416,0.3757767755,0.3757340244,0.3758219809
701,9239748,-755.3097736,283.9221475,0.3759015935,0.3757767755,0.3757340244,0.3758219809
702,9238375,-756.6503149,284.2776555,0.3757054612,0.3757767755,0.3757340244,0.3758219809
703,9238497,-753.3044575,283.1513308,0.3758790061,0.3757767755,0.3757340244,0.3758219809
704,9239573,-756.3721493,284.2584781,0.3758182772,0.3757767755,0.3757340244,0.3758219809
705,9239295,-755.4810278,283.8328777,0.3756982204,0.3757767755,0.3757340244,0.3758219809
706,9237945,-754.990773,283.7474549,0.3758290366,0.3757767755,0.3757340244,0.3758219809
707,9241931,-758.0636616,284.8366248,0.3757423541,0.3757767755,0.3757340244,0.3758219809
708,9235012,-756.621245,284.3471746,0.3758117771,0.3757767755,0.3757340244,0.3758219809
709,9237766,-755.4516923,283.9167437,0.3758238238,0.3757767755,0.3757340244,0.3758219809
710,9235919,-757.5944243,284.5865372,0.3756449732,0.3757767755,0.3757340244,0.3758219809
711,9239829,-754.4831487,283.5995095,0.37588581,0.3757767755,0.3757340244,0.3758219809
712,9239890,-756.5634183,284.357736,0.3758544613,0.3757767755,0.3757340244,0.3758219809
713,9240106,-756.6178592,284.3042701,0.3757567532,0.3757767755,0.3757340244,0.3758219809
714,9238750,-757.5988412,284.6477594,0.375723594,0.3757767755,0.3757340244,0.3758219809
715,9238757,-756.1253213,284.1250576,0.3757645056,0.3757767755,0.3757340244,0.3758219809
716,9238511,-756.2735095,284.1517997,0.3757262367,0.3757767755,0.3757340244,0.3758219809
717,9239177,-758.3969262,284.9475674,0.3757235262,0.3757767755,0.3757340244,0.3758219809
718,9238656,-756.1532611,284.1507318,0.375784575,0.3757767755,0.3757340244,0.3758219809
719,9240202,-755.9045035,284.0690541,0.3758001874,0.3757767755,0.3757340244,0.3758219809
720,9241551,-756.2487603,284.2414279,0.3758570497,0.3757767755,0.3757340244,0.3758219809
721,9243015,-757.1750025,284.5652751,0.3758249733,0.3757767755,0.3757340244,0.3758219809
722,9241765,-757.9341199,284.8221864,0.3757875242,0.3757767755,0.3757340244,0.3758219809
723,9238030,-757.0695306,284.5021209,0.3757939125,0.3757767755,0.3757340244,0.3758219809
724,9237546,-756.4189428,284.1601905,0.3756650904,0.3757767755,0.3757340244,0.3758219809
725,9238979,-753.3132714,283.1178185,0.3758301217,0.3757767755,0.3757340244,0.3758219809
726,9237436,-753.3902189,283.08979,0.3757545331,0.3757767755,0.3757340244,0.3758219809
727,9238874,-754.1508138,283.4058074,0.3757946053,0.3757767755,0.3757340244,0.3758219809
728,9236470,-755.5078461,283.8803699,0.3757477455,0.3757767755,0.3757340244,0.3758219809
729,9240523,-756.2444883,284.1503087,0.3757386838,0.3757767755,0.3757340244,0.3758219809
730,9238563,-756.7067092,284.3670946,0.3757956566,0.3757767755,0.3757340244,0.3758219809
731,9239504,-757.7226161,284.809886,0.3758761848,0.3757767755,0.3757340244,0.3758219809
732,9239291,-756.7125717,284.3212704,0.3757321882,0.3757767755,0.3757340244,0.3758219809
733,9239416,-754.9458526,283.6827386,0.375765676,0.3757767755,0.3757340244,0.3758219809
734,9238280,-755.3760056,283.8012012,0.3757085202,0.3757767755,0.3757340244,0.3758219809
735,9239995,-754.468802,283.5636362,0.3758454099,0.3757767755,0.3757340244,0.3758219809
736,9236791,-757.1665265,284.4897919,0.3757294888,0.3757767755,0.3757340244,0.3758219809
737,9238580,-754.9428687,283.7013367,0.3757917963,0.3757767755,0.3757340244,0.3758219809
738,9239767,-756.1761912,284.1356561,0.375753243,0.3757767755,0.3757340244,0.3758219809
739,9237055,-756.4220651,284.2429852,0.3757729954,0.3757767755,0.3757340244,0.3758219809
740,9238777,-755.7077265,283.8946605,0.3756672726,0.3757767755,0.3757340244,0.3758219809
741,9238501,-756.3270818,284.2658078,0.3758503624,0.3757767755,0.3757340244,0.3758219809
742,9241164,-756.7363697,284.3462756,0.3757534155,0.3757767755,0.3757340244,0.3758219809
743,9238346,-757.1314074,284.4264169,0.3756632127,0.3757767755,0.3757340244,0.3758219809
744,9237691,-755.8051051,284.0869996,0.3758733537,0.3757767755,0.3757340244,0.3758219809
745,9241279,-754.3507346,283.5023661,0.3758230132,0.3757767755,0.3757340244,0.3758219809
746,9239561,-755.6966008,283.923465,0.3757109199,0.3757767755,0.3757340244,0.3758219809
747,9239349,-755.0209094,283.7539082,0.3758225827,0.3757767755,0.3757340244,0.3758219809
748,9237374,-757.8012037,284.7598705,0.3757712038,0.3757767755,0.3757340244,0.3758219809
749,9237627,-757.2605094,284.491108,0.3756845953,0.3757767755,0.3757340244,0.3758219809
750,9241003,-756.0907973,284.159119,0.3758267129,0.3757767755,0.3757340244,0.3758219809
751,9237898,-757.2535309,284.6091075,0.375843883,0.3757767755,0.3757340244,0.3758219809
752,9239606,-755.1741229,283.8198577,0.3758336642,0.3757767755,0.3757340244,0.3758219809
753,9238008,-754.0900233,283.4042606,0.3758228485,0.3757767755,0.3757340244,0.3758219809
754,9239910,-756.4544423,284.2483832,0.3757640478,0.3757767755,0.3757340244,0.3758219809
755,9238851,-755.1189136,283.7263379,0.3757372949,0.3757767755,0.3757340244,0.3758219809
756,9237153,-755.9415797,284.0538279,0.3757616138,0.3757767755,0.3757340244,0.3758219809
757,9238190,-753.7266924,283.3577568,0.3759423139,0.3757767755,0.3757340244,0.3758219809
758,9235877,-755.7367156,283.9964224,0.375787515,0.3757767755,0.3757340244,0.3758219809
759,9239969,-755.5060245,283.9063111,0.3757829877,0.3757767755,0.3757340244,0.3758219809
760,9235806,-756.6770505,284.3041809,0.3757272415,0.3757767755,0.3757340244,0.3758219809
761,9240538,-754.7434526,283.6277459,0.3757935825,0.3757767755,0.3757340244,0.3758219809
762,9242328,-757.0816603,284.4949151,0.3757783737,0.3757767755,0.3757340244,0.3758219809
763,9239296,-758.0604779,284.7703036,0.3756564442,0.3757767755,0.3757340244,0.3758219809
764,9240146,-755.3474472,283.8913054,0.3758420135,0.3757767755,0.3757340244,0.3758219809
765,9238565,-755.6742961,283.9017287,0.3756932453,0.3757767755,0.3757340244,0.3758219809
766,9239112,-760.9309457,285.8294915,0.3756313147,0.3757767755,0.3757340244,0.3758219809
767,9239986,-756.7764492,284.4706533,0.3758978673,0.3757767755,0.3757340244,0.3758219809
768,9239097,-755.2862897,283.8333444,0.3757957059,0.3757767755,0.3757340244,0.3758219809
769,9237134,-755.8326668,283.9887633,0.3757296764,0.3757767755,0.3757340244,0.3758219809
770,9240099,-754.8928884,283.6342751,0.3757278409,0.3757767755,0.3757340244,0.3758219809
771,9235827,-756.7545306,284.3869043,0.3757980862,0.3757767755,0.3757340244,0.3758219809
772,9241722,-753.4092254,283.1175118,0.375781849,0.3757767755,0.3757340244,0.3758219809
773,9237713,-756.3882238,284.3027784,0.3758688587,0.3757767755,0.3757340244,0.3758219809
774,9234857,-757.2540309,284.5448824,0.3757588217,0.3757767755,0.3757340244,0.3758219809
775,9240636,-754.9251811,283.6706545,0.3757599582,0.3757767755,0.3757340244,0.3758219809
776,9240176,-753.9419826,283.3015286,0.3757603836,0.3757767755,0.3757340244,0.3758219809
777,9239057,-754.5123835,283.5203779,0.3757663679,0.3757767755,0.3757340244,0.3758219809
778,9237583,-755.6058663,283.9201439,0.3757516406,0.3757767755,0.3757340244,0.3758219809
779,9237827,-755.3794886,283.9227405,0.3758676861,0.3757767755,0.3757340244,0.3758219809
780,9238872,-753.5134221,283.1599145,0.3757861588,0.3757767755,0.3757340244,0.3758219809
781,9238703,-755.2737997,283.8503051,0.3758243769,0.3757767755,0.3757340244,0.3758219809
782,9235390,-756.3414775,284.1688024,0.3757149526,0.3757767755,0.3757340244,0.3758219809
783,9240992,-754.7961718,283.6371696,0.3757798201,0.3757767755,0.3757340244,0.3758219809
784,9237625,-756.7582862,284.3517717,0.375749796,0.3757767755,0.3757340244,0.3758219809
785,9239585,-756.0907941,284.1058727,0.3757562914,0.3757767755,0.3757340244,0.3758219809
786,9237445,-754.8926073,283.7014808,0.3758170078,0.3757767755,0.3757340244,0.3758219809
787,9241273,-757.4723533,284.6575941,0.3757993185,0.3757767755,0.3757340244,0.3758219809
788,9240600,-757.220238,284.5351086,0.3757626834,0.3757767755,0.3757340244,0.3758219809
789,9237348,-758.1473611,284.8470114,0.3757145722,0.3757767755,0.3757340244,0.3758219809
790,9240878,-756.8992186,284.4528293,0.3758133479,0.3757767755,0.3757340244,0.3758219809
791,9238128,-754.477651,283.5019194,0.3757592011,0.3757767755,0.3757340244,0.3758219809
792,9236034,-755.3221974,283.7677255,0.3756909653,0.3757767755,0.3757340244,0.3758219809
793,9238503,-755.7616408,284.0215267,0.3758083387,0.3757767755,0.3757340244,0.3758219809
794,9237173,-756.3933142,284.2207644,0.3757579015,0.3757767755,0.3757340244,0.3758219809
795,9238645,-753.0400651,283.0653146,0.375896752,0.3757767755,0.3757340244,0.3758219809
796,9239576,-756.2161586,284.1592504,0.3757645842,0.3757767755,0.3757340244,0.3758219809
797,9237808,-757.4353355,284.5049186,0.3756161156,0.3757767755,0.3757340244,0.3758219809
798,9235469,-754.1550849,283.4324013,0.3758277401,0.3757767755,0.3757340244,0.3758219809
799,9241192,-756.8718783,284.3763222,0.37572584,0.3757767755,0.3757340244,0.3758219809
800,9238623,-757.9388858,284.6972676,0.3756203474,0.3757767755,0.3757340244,0.3758219809
801,9242058,-756.7877625,284.3062837,0.3756750542,0.3757767755,0.3757340244,0.3758219809
802,9238524,-755.7559345,283.9994778,0.3757820016,0.3757767755,0.3757340244,0.3758219809
803,9236956,-755.6443246,283.9714474,0.3758004106,0.3757767755,0.3757340244,0.3758219809
804,9237374,-756.4816033,284.173297,0.375651299,0.3757767755,0.3757340244,0.3758219809
805,9240990,-758.3540079,284.9913739,0.3758025552,0.3757767755,0.3757340244,0.3758219809
806,9240122,-755.0229214,283.7045302,0.3757561819,0.3757767755,0.3757340244,0.3758219809
807,9237701,-757.201315,284.5434756,0.375783124,0.3757767755,0.3757340244,0.3758219809
808,9238246,-755.163095,283.7691389,0.3757719899,0.3757767755,0.3757340244,0.3758219809
809,9240344,-756.3629428,284.1405874,0.3756669865,0.3757767755,0.3757340244,0.3758219809
810,9240287,-753.8108322,283.2654813,0.3757779395,0.3757767755,0.3757340244,0.3758219809
811,9237022,-754.0969387,283.4907251,0.3759340618,0.3757767755,0.3757340244,0.3758219809
812,9235903,-754.5602721,283.5781671,0.3758191062,0.3757767755,0.3757340244,0.3758219809
813,9240344,-754.0055307,283.3225958,0.3757566547,0.3757767755,0.3757340244,0.3758219809
814,9236991,-753.8208492,283.2569343,0.3757616078,0.3757767755,0.3757340244,0.3758219809
815,9239804,-758.02159,284.8267197,0.3757501415,0.3757767755,0.3757340244,0.3758219809
816,9240907,-756.4031924,284.279458,0.3758305899,0.3757767755,0.3757340244,0.3758219809
817,9238834,-754.4111745,283.4810062,0.3757645906,0.3757767755,0.3757340244,0.3758219809
818,9239856,-755.2931741,283.7861702,0.3757298224,0.3757767755,0.3757340244,0.3758219809
819,9239703,-756.0604632,284.1635474,0.3758476487,0.3757767755,0.3757340244,0.3758219809
820,9237722,-754.4859493,283.5500401,0.3758188477,0.3757767755,0.3757340244,0.3758219809
821,9242218,-755.927379,284.0277048,0.3757341151,0.3757767755,0.3757340244,0.3758219809
822,9239192,-754.6028978,283.5807621,0.3758013161,0.3757767755,0.3757340244,0.3758219809
823,9238051,-755.4759313,283.902845,0.3757933685,0.3757767755,0.3757340244,0.3758219809
824,9236325,-754.32979,283.4508046,0.3757650942,0.3757767755,0.3757340244,0.3758219809
825,9238863,-753.305736,283.1475309,0.3758733239,0.3757767755,0.3757340244,0.3758219809
826,9241915,-754.3294328,283.4599598,0.375777409,0.3757767755,0.3757340244,0.3758219809
827,9238691,-754.0958337,283.3753798,0.3757816542,0.3757767755,0.3757340244,0.3758219809
828,9238208,-755.8196335,284.0017452,0.3757533314,0.3757767755,0.3757340244,0.3758219809
829,9238940,-758.6535275,284.9998932,0.3756654162,0.3757767755,0.3757340244,0.3758219809
830,9236693,-756.8731296,284.3441502,0.3756827124,0.3757767755,0.3757340244,0.3758219809
831,9239948,-753.3651581,283.1695462,0.3758728992,0.3757767755,0.3757340244,0.3758219809
832,9241963,-754.8536219,283.6134214,0.3757197596,0.3757767755,0.3757340244,0.3758219809
833,9238459,-754.279293,283.4596686,0.3758020024,0.3757767755,0.3757340244,0.3758219809
834,9237403,-754.9121271,283.6789931,0.3757775016,0.3757767755,0.3757340244,0.3758219809
835,9243038,-754.6082364,283.6189482,0.3758492613,0.3757767755,0.3757340244,0.3758219809
836,9239911,-754.3638753,283.5274981,0.375849782,0.3757767755,0.3757340244,0.3758219809
837,9241663,-755.0782591,283.7487828,0.3757872504,0.3757767755,0.3757340244,0.3758219809
838,9238082,-755.5128997,283.8976696,0.3757681302,0.3757767755,0.3757340244,0.3758219809
839,9240438,-754.7719245,283.6396701,0.375795205,0.3757767755,0.3757340244,0.3758219809
840,9239691,-757.4695979,284.6450748,0.3757841576,0.3757767755,0.3757340244,0.3758219809
841,9239110,-756.0618213,284.1347011,0.3758088202,0.3757767755,0.3757340244,0.3758219809
842,9241054,-755.6416553,284.049711,0.3759053104,0.3757767755,0.3757340244,0.3758219809
843,9240163,-755.234304,283.8028427,0.3757811864,0.3757767755,0.3757340244,0.3758219809
844,9240421,-753.7785018,283.2346972,0.3757532174,0.3757767755,0.3757340244,0.3758219809
845,9236272,-758.3187341,284.9237565,0.3757308685,0.3757767755,0.3757340244,0.3758219809
846,9242184,-755.190499,283.8537274,0.3758703635,0.3757767755,0.3757340244,0.3758219809
847,9240894,-756.0522586,284.104659,0.375773838,0.3757767755,0.3757340244,0.3758219809
848,9238344,-758.1359238,284.9243932,0.3758223087,0.3757767755,0.3757340244,0.3758219809
849,9239013,-758.3762153,284.9063852,0.375679484,0.3757767755,0.3757340244,0.3758219809
850,9237736,-757.2292979,284.553585,0.3757825877,0.3757767755,0.3757340244,0.3758219809
851,9240100,-753.9341652,283.3459259,0.3758231673,0.3757767755,0.3757340244,0.3758219809
852,9241291,-753.6173632,283.1969588,0.3757834846,0.3757767755,0.3757340244,0.3758219809
853,9240792,-754.5046355,283.542151,0.3757990842,0.3757767755,0.3757340244,0.3758219809
854,9239164,-756.3792662,284.2410341,0.3757916786,0.3757767755,0.3757340244,0.3758219809
855,9237826,-756.2151359,284.1960986,0.3758138196,0.3757767755,0.3757340244,0.3758219809
856,9242628,-758.552753,284.9942957,0.3757079446,0.3757767755,0.3757340244,0.3758219809
857,9240955,-754.998727,283.7184196,0.3757866198,0.3757767755,0.3757340244,0.3758219809
858,9236916,-755.4516221,283.8263034,0.3757041419,0.3757767755,0.3757340244,0.3758219809
859,9237970,-756.1491553,284.1623521,0.3758019832,0.3757767755,0.3757340244,0.3758219809
860,9239677,-756.8179945,284.3827878,0.3757611339,0.3757767755,0.3757340244,0.3758219809
861,9238139,-756.5921585,284.3105977,0.3757778804,0.3757767755,0.3757340244,0.3758219809
862,9241389,-756.573616,284.2649986,0.3757268197,0.3757767755,0.3757340244,0.3758219809
863,9237913,-756.7425611,284.3415601,0.37574411,0.3757767755,0.3757340244,0.3758219809
864,9238414,-753.6847485,283.2405115,0.375807673,0.3757767755,0.3757340244,0.3758219809
865,9239345,-755.9179672,284.0785585,0.3758060674,0.3757767755,0.3757340244,0.3758219809
866,9238733,-755.0527253,283.7383798,0.3757861806,0.3757767755,0.3757340244,0.3758219809
867,9239261,-753.8529518,283.3201528,0.3758294666,0.3757767755,0.3757340244,0.3758219809
868,9241407,-755.5202024,283.9281375,0.375804825,0.3757767755,0.3757340244,0.3758219809
869,9239426,-756.8088795,284.3532844,0.3757266756,0.3757767755,0.3757340244,0.3758219809
870,9239024,-756.053847,284.1317813,0.3758089221,0.3757767755,0.3757340244,0.3758219809
871,9239560,-755.2387576,283.7331024,0.3756866284,0.3757767755,0.3757340244,0.3758219809
872,9237569,-754.8419024,283.6585495,0.3757853778,0.3757767755,0.3757340244,0.3758219809
873,9238578,-755.9467109,284.0774457,0.3757903059,0.3757767755,0.3757340244,0.3758219809
874,9239144,-755.6334826,283.950969,0.3757787017,0.3757767755,0.3757340244,0.3758219809
875,9240954,-754.9398291,283.6959538,0.375786179,0.3757767755,0.3757340244,0.3758219809
876,9239880,-756.1555364,284.2101667,0.3758620456,0.3757767755,0.3757340244,0.3758219809
877,9238159,-753.9422267,283.3540963,0.3758299857,0.3757767755,0.3757340244,0.3758219809
878,9240622,-756.7698249,284.3662619,0.3757632143,0.3757767755,0.3757340244,0.3758219809
879,9240348,-755.5439751,283.9435297,0.375813373,0.3757767755,0.3757340244,0.3758219809
880,9238646,-754.3662488,283.5475204,0.3758751414,0.3757767755,0.3757340244,0.3758219809
881,9240298,-755.3199367,283.7669458,0.3756910576,0.3757767755,0.3757340244,0.3758219809
882,9236919,-757.2323352,284.5459752,0.3757710308,0.3757767755,0.3757340244,0.3758219809
883,9240305,-759.0980524,285.2098071,0.3757219588,0.3757767755,0.3757340244,0.3758219809
884,9238659,-756.7408334,284.3305343,0.3757303976,0.3757767755,0.3757340244,0.3758219809
885,9239429,-757.1771012,284.4924924,0.3757278078,0.3757767755,0.3757340244,0.3758219809
886,9239032,-757.0502895,284.4643629,0.3757535884,0.3757767755,0.3757340244,0.3758219809
887,9238298,-756.1328385,284.1573353,0.3758034578,0.3757767755,0.3757340244,0.3758219809
888,9237489,-757.2035036,284.459156,0.3756706812,0.3757767755,0.3757340244,0.3758219809
889,9239310,-755.6494963,283.9933156,0.3758267781,0.3757767755,0.3757340244,0.3758219809
890,9242015,-756.7276487,284.3309168,0.3757374497,0.3757767755,0.3757340244,0.3758219809
891,9238935,-755.7847174,284.0173161,0.3757912928,0.3757767755,0.3757340244,0.3758219809
892,9240225,-757.2120115,284.4991006,0.3757192124,0.3757767755,0.3757340244,0.3758219809
893,9239007,-754.1902962,283.4655324,0.375854123,0.3757767755,0.3757340244,0.3758219809
894,9238312,-757.3252736,284.5676466,0.3757535322,0.3757767755,0.3757340244,0.3758219809
895,9240454,-755.9726664,284.0761519,0.3757756921,0.3757767755,0.3757340244,0.3758219809
896,9239735,-753.560931,283.1036225,0.3756877657,0.3757767755,0.3757340244,0.3758219809
897,9237288,-756.5862626,284.3186866,0.3757915002,0.3757767755,0.3757340244,0.3758219809
898,9237691,-755.7444488,283.9680125,0.3757460779,0.3757767755,0.3757340244,0.3758219809
899,9239790,-755.1268422,283.7949729,0.3758242418,0.3757767755,0.3757340244,0.3758219809
900,9241565,-754.3832953,283.5031978,0.3758078944,0.3757767755,0.3757340244,0.3758219809
901,9236306,-755.5228701,283.9182556,0.3757904185,0.3757767755,0.3757340244,0.3758219809
902,9239868,-755.7278466,284.0550123,0.375869453,0.3757767755,0.3757340244,0.3758219809
903,9237054,-755.963659,284.1094034,0.3758241551,0.3757767755,0.3757340244,0.3758219809
904,9239268,-756.2072387,284.1739559,0.3757884629,0.3757767755,0.3757340244,0.3758219809
905,9238142,-754.6828282,283.5653728,0.3757411222,0.3757767755,0.3757340244,0.3758219809
906,9240316,-757.2397542,284.5411647,0.3757609966,0.3757767755,0.3757340244,0.3758219809
907,9239484,-755.8220261,283.9805746,0.3757241319,0.3757767755,0.3757340244,0.3758219809
908,9237452,-755.6812938,283.9518938,0.3757561503,0.3757767755,0.3757340244,0.3758219809
909,9240348,-755.7115206,284.0263465,0.3758396409,0.3757767755,0.3757340244,0.3758219809
910,9235450,-755.6258106,283.8867336,0.3756975074,0.3757767755,0.3757340244,0.3758219809
911,9238841,-754.8873581,283.7422664,0.3758736497,0.3757767755,0.3757340244,0.3758219809
912,9235990,-756.9813755,284.4177494,0.3757262181,0.3757767755,0.3757340244,0.3758219809
913,9240635,-755.6801363,283.9816056,0.3757960438,0.3757767755,0.3757340244,0.3758219809
914,9238892,-755.1133149,283.7513511,0.3757732059,0.3757767755,0.3757340244,0.3758219809
915,9239949,-757.3914424,284.5588786,0.3757091284,0.3757767755,0.3757340244,0.3758219809
916,9240070,-756.9945994,284.4200223,0.3757226571,0.3757767755,0.3757340244,0.3758219809
917,9242436,-757.9217001,284.8347881,0.3758103087,0.3757767755,0.3757340244,0.3758219809
918,9236309,-756.9269337,284.4242675,0.3757618534,0.3757767755,0.3757340244,0.3758219809
919,9242047,-756.9638631,284.4227804,0.3757415568,0.3757767755,0.3757340244,0.3758219809
920,9238876,-753.7564937,283.303351,0.3758552707,0.3757767755,0.3757340244,0.3758219809
921,9237454,-754.4112381,283.4909392,0.3757777256,0.3757767755,0.3757340244,0.3758219809
922,9240769,-756.4596495,284.1971087,0.375693679,0.3757767755,0.3757340244,0.3758219809
923,9239235,-756.3307235,284.204984,0.3757681331,0.3757767755,0.3757340244,0.3758219809
924,9239003,-756.2174909,284.2111569,0.3758325618,0.3757767755,0.3757340244,0.3758219809
925,9238813,-756.4753921,284.2538942,0.3757609265,0.3757767755,0.3757340244,0.3758219809
926,9239884,-756.8605012,284.419821,0.3757889605,0.3757767755,0.3757340244,0.3758219809
927,9238903,-756.2566657,284.1323618,0.3757089024,0.3757767755,0.3757340244,0.3758219809
928,9237792,-755.0913173,283.6389555,0.3756353027,0.3757767755,0.3757340244,0.3758219809
929,9242198,-755.3593589,283.908002,0.3758581908,0.3757767755,0.3757340244,0.3758219809
930,9237990,-758.0656296,284.8242476,0.3757250514,0.3757767755,0.3757340244,0.3758219809
931,9238570,-756.361592,284.2207608,0.3757736561,0.3757767755,0.3757340244,0.3758219809
932,9238354,-756.3399936,284.1958083,0.3757513958,0.3757767755,0.3757340244,0.3758219809
933,9238237,-755.7144154,283.9883114,0.3757878712,0.3757767755,0.3757340244,0.3758219809
934,9237033,-755.8000176,283.9872917,0.3757439601,0.3757767755,0.3757340244,0.3758219809
935,9237239,-759.7553448,285.4729361,0.3757432417,0.3757767755,0.3757340244,0.3758219809
936,9240944,-756.9973069,284.3893975,0.3756808576,0.3757767755,0.3757340244,0.3758219809
937,9240588,-754.502751,283.5041662,0.3757496786,0.3757767755,0.3757340244,0.3758219809
938,9241199,-757.7758561,284.6446829,0.3756317658,0.3757767755,0.3757340244,0.3758219809
939,9240154,-757.7487066,284.6698169,0.3756783937,0.3757767755,0.3757340244,0.3758219809
940,9237277,-752.4994222,282.858419,0.3758918753,0.3757767755,0.3757340244,0.3758219809
941,9239171,-753.463712,283.2170859,0.3758868296,0.3757767755,0.3757340244,0.3758219809
942,9240441,-755.3802503,283.8517697,0.3757733534,0.3757767755,0.3757340244,0.3758219809
943,9238759,-756.3011591,284.1937355,0.3757679491,0.3757767755,0.3757340244,0.3758219809
944,9239736,-754.3433897,283.4367274,0.3757396581,0.3757767755,0.3757340244,0.3758219809
945,9240321,-753.2983593,283.1112791,0.3758288806,0.3757767755,0.3757340244,0.3758219809
946,9240545,-758.333736,284.947516,0.3757547667,0.3757767755,0.3757340244,0.3758219809
947,9238076,-756.3706753,284.2423605,0.3757977005,0.3757767755,0.3757340244,0.3758219809
948,9238037,-755.8568543,284.052049,0.3758013801,0.3757767755,0.3757340244,0.3758219809
949,9240816,-755.763851,283.9936863,0.3757704022,0.3757767755,0.3757340244,0.3758219809
950,9236839,-754.1313218,283.3717265,0.3757591261,0.3757767755,0.3757340244,0.3758219809
951,9238883,-757.1702362,284.4858345,0.3757224213,0.3757767755,0.3757340244,0.3758219809
952,9240098,-757.3411431,284.591217,0.3757767812,0.3757767755,0.3757340244,0.3758219809
953,9236928,-757.32069,284.5976172,0.3757953809,0.3757767755,0.3757340244,0.3758219809
954,9239808,-757.0565528,284.4757645,0.3757655401,0.3757767755,0.3757340244,0.3758219809
955,9240128,-756.7815078,284.3761343,0.3757704586,0.3757767755,0.3757340244,0.3758219809
956,9237686,-755.6328344,284.0070646,0.3758532606,0.3757767755,0.3757340244,0.3758219809
957,9240075,-753.886444,283.3270964,0.3758219804,0.3757767755,0.3757340244,0.3758219809
958,9239191,-754.6902088,283.6084577,0.3757945372,0.3757767755,0.3757340244,0.3758219809
959,9241981,-756.7135106,284.3652869,0.37578989,0.3757767755,0.3757340244,0.3758219809
960,9237271,-756.0829009,284.094527,0.3757452081,0.3757767755,0.3757340244,0.3758219809
961,9239090,-754.3924065,283.4881967,0.3757834705,0.3757767755,0.3757340244,0.3758219809
962,9237467,-754.855772,283.6714077,0.3757955072,0.3757767755,0.3757340244,0.3758219809
963,9241904,-754.7332714,283.6655395,0.3758487272,0.3757767755,0.3757340244,0.3758219809
964,9240779,-756.0406208,284.1738618,0.3758711556,0.3757767755,0.3757340244,0.3758219809
965,9238783,-754.4117279,283.5505402,0.3758564849,0.3757767755,0.3757340244,0.3758219809
966,9239956,-755.5914389,283.9394064,0.3757843085,0.3757767755,0.3757340244,0.3758219809
967,9239794,-755.698046,283.9744603,0.3757776824,0.3757767755,0.3757340244,0.3758219809
968,9235550,-757.6008076,284.7035297,0.3757962331,0.3757767755,0.3757340244,0.3758219809
969,9236969,-754.2427605,283.4905201,0.3758611086,0.3757767755,0.3757340244,0.3758219809
970,9240111,-755.4984067,283.8406332,0.3756998436,0.3757767755,0.3757340244,0.3758219809
971,9239260,-755.8246385,283.9756183,0.3757162757,0.3757767755,0.3757340244,0.3758219809
972,9241357,-759.7847485,285.4953195,0.3757581605,0.3757767755,0.3757340244,0.3758219809
973,9240906,-753.4049563,283.120911,0.3757884902,0.3757767755,0.3757340244,0.3758219809
974,9244064,-753.8483784,283.3596133,0.3758840921,0.3757767755,0.3757340244,0.3758219809
975,9241038,-755.1630705,283.817039,0.3758354322,0.3757767755,0.3757340244,0.3758219809
976,9240444,-757.6956947,284.6986616,0.3757427469,0.3757767755,0.3757340244,0.3758219809
977,9236000,-756.0768909,284.1234263,0.3757864177,0.3757767755,0.3757340244,0.3758219809
978,9237736,-754.8561672,283.6859314,0.3758145508,0.3757767755,0.3757340244,0.3758219809
979,9240201,-756.3120663,284.207943,0.3757813152,0.3757767755,0.3757340244,0.3758219809
980,9238493,-757.3639952,284.4817312,0.3756208811,0.3757767755,0.3757340244,0.3758219809
981,9238225,-752.9638353,283.033205,0.3758921633,0.3757767755,0.3757340244,0.3758219809
982,9238161,-755.4942667,283.8949605,0.375773812,0.3757767755,0.3757340244,0.3758219809
983,9239898,-757.5176477,284.7005713,0.3758335825,0.3757767755,0.3757340244,0.3758219809
984,9240410,-755.8469688,283.9715707,0.3756998208,0.3757767755,0.3757340244,0.3758219809
985,9244228,-758.3431996,284.9976579,0.3758161979,0.3757767755,0.3757340244,0.3758219809
986,9239012,-752.7898699,282.8971553,0.3757983027,0.3757767755,0.3757340244,0.3758219809
987,9238977,-752.7162337,282.9892727,0.3759574459,0.3757767755,0.3757340244,0.3758219809
988,9238145,-757.2455731,284.5051262,0.3757105175,0.3757767755,0.3757340244,0.3758219809
989,9240887,-755.1185125,283.7507254,0.3757697907,0.3757767755,0.3757340244,0.3758219809
990,9239221,-756.9011047,284.4333949,0.3757867351,0.3757767755,0.3757340244,0.3758219809
991,9240128,-757.839532,284.7498177,0.3757389338,0.3757767755,0.3757340244,0.3758219809
992,9238533,-755.9569398,283.9704645,0.3756437034,0.3757767755,0.3757340244,0.3758219809
993,9239417,-754.3523949,283.504297,0.3758247457,0.3757767755,0.3757340244,0.3758219809
994,9240388,-755.8080325,283.959553,0.3757032749,0.3757767755,0.3757340244,0.3758219809
995,9240307,-754.9060809,283.7363873,0.3758565397,0.3757767755,0.3757340244,0.3758219809
996,9239383,-756.4884726,284.2003015,0.3756835851,0.3757767755,0.3757340244,0.3758219809
997,9236909,-755.6550005,283.9182294,0.3757246749,0.3757767755,0.3757340244,0.3758219809
998,9239066,-754.9519478,283.7131828,0.3758029681,0.3757767755,0.3757340244,0.3758219809
999,9240334,-754.5800067,283.6158603,0.3758592301,0.3757767755,0.3757340244,0.3758219809
1000,9239533,-757.9384702,284.7447476,0.375683197,0.3757767755,0.3757340244,0.3758219809
